Company,Ticker
AGILENT TECHNOLOGIES INC,A
ALCOA CORPORATION,AA
AMERICAN AIRLINES GROUP,AAL
AARONS INC,AAN
APPLIED OPTOELECTRONICS,AAOI
AAON INC,AAON
ADVANCE AUTO PARTS INC,AAP
APPLE INC,AAPL
AMERICAN ASSETS TRST INC,AAT
ATLAS AIR WORLDWIDE HLDG,AAWW
AXON ENTERPRISE INC,AAXN
ABBVIE INC,ABBV
AMERISOURCEBERGEN CORP,ABC
AMERIS BANCORP,ABCB
ABEONA THERAPEUTICS INC,ABEO
ASBURY AUTOMOTIVE GROUP,ABG
ABM INDUSTRIES INC,ABM
ABIOMED INC,ABMD
ABBOTT LABORATORIES,ABT
ALLEGIANCE BANCSHARES,ABTX
ASSOCIATED CAPITAL GROUP,AC
ARCOSA,ACA
ACADIA PHARMACEUTICALS,ACAD
ATLANTIC CAPITAL INC,ACBI
AMERICAN CAMPUS COMMUN,ACC
ACCO BRANDS CORP,ACCO
ACER THERAPEUTICS INC,ACER
ARCH CAP GROUP LTD,ACGL
ACADIA HEALTHCARE CO,ACHC
ACHILLION PHARM,ACHN
ACACIA COMMUNICATIONS,ACIA
ACI WORLDWIDE INC,ACIW
AXCELIS TECHNOLOGIES INC,ACLS
AECOM,ACM
ACCENTURE PLC IRELAND,ACN
ACNB CORP,ACNB
ACORDA THERAPEUTICS INC,ACOR
ARES COML REAL ESTATE,ACRE
ACLARIS THERAPEUTICS,ACRS
ACELRX PHARMACEUTICALS,ACRX
ACACIA RESEARCH CORP,ACTG
ADOBE INC,ADBE
AGREE REALTY CORP,ADC
ADVANCED EMISSIONS SLTNS,ADES
ANALOG DEVICES INC,ADI
ARCHER DANIELS MIDLAND,ADM
ADMA BIOLOGICS INC,ADMA
ADAMAS PHARMACEUTICALS,ADMS
ADIENT PLC,ADNT
AUTOMATIC DATA PROCESS,ADP
ADURO BIOTECH INC,ADRO
ALLIANCE DATA SYSTEMS,ADS
AUTODESK INC,ADSK
ADVANCED DISPOSAL SVCS,ADSW
ADT INC,ADT
ADTRAN INC,ADTN
ADDUS HOMECARE CORP,ADUS
ADVERUM BIOTECH INC,ADVM
AMEREN CORP,AEE
AEGION CORP,AEGN
ADVANCED ENERGY INDS INC,AEIS
AMERICAN EQUITY INVST,AEL
AMERICAN EAGLE OUTFITTER,AEO
AMERICAN ELECTRIC POWER,AEP
AERIE PHARMACEUTICALS,AERI
AES CORP,AES
AMERICAN FINANCIAL GROUP,AFG
ARMSTRONG FLOORING INC,AFI
AMERICAN FINANCE TRUST,AFIN
AFLAC INC,AFL
AFFIMED NV,AFMD
AGCO CORP,AGCO
AGEX THERAPEUTICS INC,AGE
AGENUS INC,AGEN
AGIOS PHARMACEUTICALS,AGIO
AEGLEA BIOTHERAPEUTICS,AGLE
FEDERAL AGRIC MTG CO,AGM
ALLERGAN PLC,AGN
AGNC INVESTMENT,AGNC
ASSURED GUARANTY LTD,AGO
AVANGRID INC,AGR
PLAYAGS INC,AGS
ARGAN INC,AGX
AGILYSYS INC,AGYS
ARMADA HOFFLER PPTYS INC,AHH
ASHFORD HOSPITALITY,AHT
ARLINGTON ASSET INVT,AI
AMERICAN INTL GROUP,AIG
ALTRA INDUSTRIAL MOTION,AIMC
AIMMUNE THERAPEUTICS INC,AIMT
ALBANY INTERNATIONAL,AIN
AAR CORP,AIR
AIRGAIN INC,AIRG
APPLIED INDUSTRIAL TECH,AIT
APARTMENT INVT & MGMT,AIV
ASSURANT INC,AIZ
GALLAGHER ARTHUR J & CO,AJG
AEROJET ROCKETDYNE HLDGS,AJRD
GREAT AJAX CORP,AJX
AKAMAI TECHNOLOGIES,AKAM
AKEBIA THERAPEUTICS INC,AKBA
AKCEA THERAPEUTICS,AKCA
ACADIA REALTY TRUST,AKR
AKORN INC,AKRX
AK STEEL HOLDING CORP,AKS
AKOUSTIS TECHNOLOGIES,AKTS
AIR LEASE CORP,AL
ALBEMARLE CORP,ALB
ALBIREO PHARMA INC,ALBO
ALICO INC,ALCO
ALDER BIOPHARMACEUTICALS,ALDR
ALDEYRA THERAPEUTICS INC,ALDX
ALLETE INC,ALE
ALECTOR,ALEC
ALEXANDER & BALDWIN INC,ALEX
ALAMO GROUP INC,ALG
ALIGN TECHNOLOGY INC,ALGN
ALLEGIANT TRAVEL CO,ALGT
ALASKA AIR GROUP INC,ALK
ALKERMES PLC,ALKS
ALLSTATE CORP,ALL
ALLEGION PLC,ALLE
ALLAKOS INC,ALLK
ALLOGENE THERAPEUTICS,ALLO
ALLY FINL INC,ALLY
ALNYLAM PHARMACEUTICALS,ALNY
ASTRONOVA INC,ALOT
ALARM.COM HOLDINGS INC,ALRM
ALLISON TRANSMISSION,ALSN
ALTUS MIDSTREAM CO,ALTM
ALTAIR ENGINEERING INC,ALTR
ALEXANDERS INC,ALX
ALEXION PHARMACEUTICALS,ALXN
ANTERO MIDSTREAM CORP,AM
AMAG PHARMACEUTICALS INC,AMAG
AMALGAMATED BANK,AMAL
APPLIED MATLS INC,AMAT
AMBARELLA INC,AMBA
AMBAC FINL GROUP INC,AMBC
AMBER RD INC,AMBR
AMC ENTERTAINMENT,AMC
AMC NETWORKS INC,AMCX
ADVANCED MICRO DEVICES,AMD
AMETEK INC,AME
AMEDISYS INC,AMED
APOLLO MEDICAL HOLDINGS,AMEH
AFFILIATED MANAGERS GRP,AMG
AMGEN INC,AMGN
AMERICAN HOMES 4 RENT,AMH
AMKOR TECHNOLOGY INC,AMKR
AMN HEALTHCARE SERVICES,AMN
AMERICAN NATL BANKSHARES,AMNB
ALLIED MOTION TECH,AMOT
AMERIPRISE FINANCIAL INC,AMP
AMPHASTAR PHARMA INC,AMPH
AMERESCO INC,AMRC
AMYRIS INC,AMRS
AMNEAL PHARMACEUTICALS,AMRX
AMERICAN SUPERCONDUCTOR,AMSC
AMERISAFE INC,AMSF
AMERICAN SOFTWARE INC,AMSWA
AMERICAN TOWER CORP,AMT
AMERANT BANCORP INC (A),AMTB
TD AMERITRADE HOLDING,AMTD
AMERICAN WOODMARK CORP,AMWD
AMAZON COM INC,AMZN
AUTONATION INC,AN
ANAPTYS BIO INC,ANAB
AMERICAN NATIONAL INS CO,ANAT
ANDERSONS INC,ANDE
ARISTA NETWORKS INC,ANET
ABERCROMBIE & FITCH,ANF
ANGIODYNAMICS INC,ANGO
ANWORTH MORTGAGE ASSET,ANH
ANIKA THERAPEUTICS INC,ANIK
ANI PHARMACEUTICALS INC,ANIP
ANSYS INC,ANSS
ANTHEM INC,ANTM
AMERICAN OUTDOOR BRANDS,AOBC
AON PLC,AON
SMITH A O CORP,AOS
ALPHA & OMEGA SEMICON,AOSL
APACHE CORP,APA
ARTISAN PARTNERS ASSET,APAM
ANADARKO PETROLEUM CORP,APC
AIR PRODS & CHEMS INC,APD
AMER PUBLIC EDUCATION,APEI
AMPHENOL CORP,APH
APPLE HOSPITALITY REIT,APLE
APELLIS PHARMACEUTICALS,APLS
APOGEE ENTERPRISES INC,APOG
APPFOLIO INC,APPF
APPIAN,APPN
DIGITAL TURBINE INC,APPS
PREFERRED APT CMNTYS INC,APTS
APTIV PLC,APTV
APERGY CORPORATION,APY
APYX MEDICAL INC,APYX
AQUANTICA CORP,AQ
EVOQUA WATER TECH,AQUA
ANTERO RESOURCES CO,AR
AMERICAN RENAL ASSOC HLD,ARA
ACCURAY INC,ARAY
ARCBEST CORPORATION,ARCB
ARCH COAL INC,ARCH
ARDAGH GROUP SA,ARD
ARDELYX INC,ARDX
ALEXANDRIA REAL ESTATE,ARE
ARES MANAGEMENT CORP,ARES
ARGO GROUP INTL,ARGO
APOLLO COMMERCIAL RE,ARI
AMERICAN RLTY INVS INC,ARL
ARLO TECHNOLOGIES INC,ARLO
ARAMARK,ARMK
ARENA PHARMACEUTICALS,ARNA
ARCONIC INC,ARNC
ARCHROCK INC,AROC
ARROW FINANCIAL CORP,AROW
ARQULE INC,ARQL
ARMOUR RESIDENTIAL REIT,ARR
ARRAY BIOPHARMA INC,ARRY
ARTESIAN RESOURCES CORP,ARTNA
ARVINAS HOLDING,ARVN
ARROW ELECTRONICS INC,ARW
ARROWHEAD PHARMACEUTICAL,ARWR
ASSOCIATED BANC CORP,ASB
ARDMORE SHIPPING CORP,ASC
ASGN INCORPORATED,ASGN
ASHLAND GLOBAL HOLDINGS,ASH
ADVANSIX,ASIX
ASSEMBLY BIOSCIENCES INC,ASMB
ASCENA RETAIL GROUP INC,ASNA
ALTISOURCE PORTFOLIO,ASPS
ASSERTIO THERAPEUTICS,ASRT
ASTEC INDUSTRIES INC,ASTE
ATLANTIC PWR CORP,AT
ALPHATEC HOLDINGS,ATEC
A10 NETWORKS INC,ATEN
PDVWIRELESS INC,ATEX
ADTALEM GLOBAL EDUCATION,ATGE
ATHENE HOLDING LTD,ATH
ATHERSYS INC,ATHX
ALLEGHENY TECHNOLOGIES,ATI
ATKORE INTL GROUP INC,ATKR
AMES NATL CORP,ATLO
ATN INTERNATIONAL INC,ATNI
ATHENEX,ATNX
ATMOS ENERGY CORP,ATO
APTARGROUP INC,ATR
ATARA BIOTHERAPEUTICS,ATRA
ATRICURE INC,ATRC
ATRION CORP,ATRI
ASTRONICS CORP,ATRO
ANTARES PHARMA INC,ATRS
AIR TRANSPORT SERVICES,ATSG
ACTUANT CORP,ATU
ALTICE USA,ATUS
ACTIVISION BLIZZARD INC,ATVI
ATLANTIC UNION BANKSHARE,AUB
AVISTA CORP,AVA
AEROVIRONMENT INC,AVAV
AVALONBAY CMNTYS INC,AVB
AVALON GLOBOCARE CORP,AVCO
AMERICAN VANGUARD CORP,AVD
AVEDRO,AVDR
BROADCOM INC,AVGO
AVID TECHNOLOGY INC,AVID
AVALARA INC,AVLR
AVANOS MEDICAL INC,AVNS
AVROBIO INC,AVRO
AVNET INC,AVT
AVX CORP,AVX
ANAVEX LIFE SCIENCES,AVXL
AVERY DENNISON CORP,AVY
AVAYA HOLDINGS CORP,AVYA
ARMSTRONG WORLD INDS INC,AWI
AMERICAN WTR WKS CO INC,AWK
AMERICAN STATES WATER CO,AWR
AXOS FINANCIAL INC,AX
ABRAXAS PETE CORP,AXAS
ACCELERATE DIAGNOSTICS,AXDX
ANIXTER INTERNATIONAL,AXE
AXOGEN INC,AXGN
AMERICAN AXLE & MFG,AXL
AXCELLA HEALTH,AXLA
AXONICS MODULATION TECH,AXNX
AMERICAN EXPRESS CO,AXP
AXIS CAPITAL HOLDINGS,AXS
AXSOME THERAPEUTICS INC,AXSM
AXALTA COATING SYSTEMS,AXTA
AXT INC,AXTI
ACUITY BRANDS INC,AYI
AIRCASTLE LTD,AYR
ALTERYX INC,AYX
AUTOZONE INC,AZO
ASPEN TECHNOLOGY INC,AZPN
AZZ INC,AZZ
BARNES GROUP INC,B
BOEING CO,BA
NATUS MEDICAL INC,BABY
BANK OF AMERICA CORP,BAC
BOOZ ALLEN HAMILTON HLDG,BAH
BANC OF CALIFORNIA INC,BANC
BANDWIDTH CLASS A,BAND
BANCFIRST CORP,BANF
BANNER CORP,BANR
LIBERTY BRAVES SERIES A,BATRA
LIBERTY BRAVES SERIES C,BATRK
BAXTER INTERNATIONAL INC,BAX
BED BATH & BEYOND INC,BBBY
CONCRETE PUMPING,BBCP
BARRETT BUSINESS SERVICE,BBSI
BB&T CORP,BBT
BBX CAPITAL CORP,BBX
BEST BUY INC,BBY
BRUNSWICK CORP,BC
BCB BANCORP INC,BCBP
BOISE CASCADE COMPANY,BCC
BONANZA CREEK ENER INC,BCEI
BAYCOM CORPORATION,BCML
BRINKS CO,BCO
BLUCORA INC,BCOR
BRIGHTCOVE INC,BCOV
BALCHEM CORP,BCPC
BIOCRYST PHARMACEUTICALS,BCRX
BELDEN INC,BDC
BRIDGE BANCORP INC,BDGE
BRANDYWINE REALTY TRUST,BDN
BIODELIVERY SCIENCES,BDSI
BECTON DICKINSON & CO,BDX
BLOOM ENERGY,BE
BIOTELEMETRY INC,BEAT
BEACON ROOFING SUPPLY,BECN
BEL FUSE INC,BELFB
FRANKLIN RESOURCES INC,BEN
BERRY GLOBAL GROUP,BERY
BROWN FORMAN CORP CL A,BF.A
BROWN FORMAN CORP CL B,BF.B
BRIGHT HORIZON FAMILY,BFAM
BANK FIRST NATIONAL,BFC
BANKFINANCIAL CORP,BFIN
SAUL CENTERS INC,BFS
BUSINESS FIRST BANCSHARE,BFST
BUNGE LIMITED,BG
BGC PARTNERS INC,BGCP
BRIGGS & STRATTON CO,BGG
B & G FOODS INC,BGS
BG STAFFING INC,BGSF
BIGLARI HOLDINGS B,BH
BAR HBR BANKSHARES,BHB
BENCHMARK ELECTRONICS,BHE
BRIGHTHOUSE FINANCIAL,BHF
BAKER HUGHES GE,BHGE
BERKSHIRE HILLS BANCORP,BHLB
BRAEMAR HOTELS & RESORTS,BHR
BIOHAVEN PHARMACEUTICAL,BHVN
SOTHEBYS,BID
BIG LOTS INC,BIG
BIOGEN INC,BIIB
BIO-RAD LABORATORIES INC,BIO
BIOSCRIP INC,BIOS
BJ'S WHOLESALE CLUB HDLG,BJ
BJS RESTAURANTS INC,BJRI
BANK OF NEW YORK MELLON,BK
BROOKDALE SENIOR LIVING,BKD
BUCKLE INC,BKE
BLACK HILLS CORP,BKH
BLACK KNIGHT,BKI
BOOKING HOLDINGS INC,BKNG
BARNES & NOBLE INC,BKS
BANKUNITED INC,BKU
BLACKLINE INC,BL
BLUE BIRD CORP,BLBD
TOPBUILD CORP,BLD
BUILDERS FIRSTSOURCE INC,BLDR
BIOLIFE SOLUTIONS INC,BLFS
BLACKROCK INC,BLK
BLACKBAUD INC,BLKB
BALL CORP,BLL
BLOOMIN' BRANDS INC,BLMN
BLUEBIRD BIO INC,BLUE
BANCO LATINOAMERICANO,BLX
BMC STOCK HOLDINGS INC,BMCH
BADGER METER INC,BMI
BANK OF MARIN BANCORP,BMRC
BIOMARIN PHARMACEUTICAL,BMRN
BRYN MAWR BANK CORP,BMTC
BRISTOL MYERS SQUIBB,BMY
BARNES & NOBLE EDUCATION,BNED
BENEFITFOCUS INC,BNFT
BANK COMM HLDGS,BOCH
BANK OF HAWAII CORP,BOH
BOK FINANCIAL CORP,BOKF
AUDENTES THERAPEUTICS,BOLD
BOSTON OMAHA,BOMN
DMC GLOBAL INC,BOOM
BOOT BARN HOLDINGS,BOOT
BOX INC,BOX
BOSTON PRIVATE FINANCIAL,BPFH
BLUEPRINT MEDICINES CORP,BPMC
POPULAR INC,BPOP
BROOKFIELD PROPERTY REIT,BPR
BANK OF PRINCETON,BPRN
BROADRIDGE FINANCIAL INC,BR
BRADY CORP,BRC
CRAFT BREW ALLIANCE,BREW
BLUEROCK RESIDENT REIT,BRG
BRIDGFORD FOODS CORP,BRID
BERKSHIRE HATHAWAY INC,BRK.B
BROOKLINE BANCORP INC,BRKL
BRUKER CORP,BRKR
BROOKS AUTOMATION INC,BRKS
BROWN & BROWN INC,BRO
GLOBAL BRASS & COPPR HLD,BRSS
BRT APARTMENTS CORP,BRT
BRIXMOR PROPERTY GROUP,BRX
BERRY PETROLEUM,BRY
BASSETT FURNITURE INDS,BSET
BIOSIG TECHNOLOGIES INC,BSGM
BRIGHTSPHERE INVESTMENT,BSIG
SIERRA BANCORP,BSRR
BIOSPECIFICS TECHNO CORP,BSTC
BANK7 CORP,BSVN
BOSTON SCIENTIFIC CO,BSX
BIOXCEL THERAPEUTICS,BTAI
PEABODY ENERGY CORP,BTU
BIOTIME INC,BTX
BURLINGTON STORES INC,BURL
FIRST BUSEY CORP,BUSE
BRIGHTVIEW HOLDINGS INC,BV
BORG WARNER INC,BWA
BRIDGEWATER BANCSHARES,BWB
BANKWELL FINL GROUP INC,BWFG
BWX TECHNOLOGIES INC,BWXT
BLUELINX HOLDINGS INC,BXC
BLUEGREEN VACATIONS CORP,BXG
BLACKSTONE MORTGAGE TRST,BXMT
BOSTON PROPERTIES INC,BXP
BANCORPSOUTH BANK,BXS
BYLINE BANCORP,BY
BOYD GAMING CORP,BYD
BEYOND MEAT,BYND
BEYONDSPRING,BYSI
BEAZER HOMES USA INC,BZH
CITIGROUP INC,C
CABLE ONE INC,CABO
CAMDEN NATIONAL CORP,CAC
CREDIT ACCEP CORP MICH,CACC
CACI INTERNATIONAL INC,CACI
CADENCE BANCORP,CADE
CONAGRA BRANDS INC,CAG
CARDINAL HEALTH INC,CAH
CAI INTERNATIONAL INC,CAI
CHEESECAKE FACTORY INC,CAKE
CALERES INC,CAL
CALITHERA BIOSCIENCES,CALA
CAL MAINE FOODS INC,CALM
CALIX INC,CALX
CALAMP CORP,CAMP
AVIS BUDGET GROUP INC,CAR
CARA THERAPEUTICS INC,CARA
CARBONITE INC,CARB
CARTER BANK & TRUST,CARE
CARGURUS INC,CARG
CAROLINA FINL CORP,CARO
CARS.COM,CARS
CASA SYSTEMS INC,CASA
META FINANCIAL GROUP INC,CASH
CASI PHARMACEUTICALS INC,CASI
CASS INFORMATION SYSTEMS,CASS
CASEYS GENERAL STORES,CASY
CATERPILLAR INC,CAT
CAMBRIDGE BANCORP,CATC
CARDTRONICS PLC,CATM
CATO CORP,CATO
CATASYS INC,CATS
CATHAY GENERAL BANCORP,CATY
CHUBB LIMITED,CB
COLONY BANKCORP INC,CBAN
CYMABAY THERAPEUTICS INC,CBAY
CINCINNATI BELL INC,CBB
CBL & ASSOC PPTYS INC,CBL
CARBON BLACK,CBLK
CAMBREX CORP,CBM
CELLULAR BIOMEDICINE GRP,CBMG
CAPITAL BANCORP INC,CBNK
CBOE GLOBAL MARKETS INC,CBOE
CONTINENTAL BLDG PRODS,CBPX
CBRE GROUP INC,CBRE
CRACKER BARREL STORE,CBRL
CBS CORPORATION,CBS
COMMERCE BANCSHARES INC,CBSH
CABOT CORP,CBT
CBTX INC,CBTX
COMMUNITY BANK SYSTEMS,CBU
CBIZ INC,CBZ
THE CHEMOURS COMPANY,CC
COASTAL FINANCIAL CORP,CCB
CAPITAL CITY BANK GROUP,CCBG
CHASE CORP,CCF
CROWN CASTLE INTL CORP,CCI
CROWN HOLDINGS INC,CCK
CARNIVAL CORP,CCL
CABOT MICROELECTRONICS,CCMP
CNB FINL CORP PA,CCNE
CLEAR CHANNEL OUTDOOR,CCO
COGENT COMM HOLDINGS,CCOI
CROSS COUNTRY HEALTHCARE,CCRN
CENTURY COMMUNITIES INC,CCS
CHEMOCENTRYX INC,CCXI
CERIDIAN HCM HOLDING,CDAY
COEUR MINING INC,CDE
CENTENNIAL RESOURCE DEV,CDEV
CDK GLOBAL INC,CDK
CARDLYTICS INC,CDLX
AVID BIOSERVICES INC,CDMO
CAREDX INC,CDNA
CADENCE DESIGN SYSTEMS,CDNS
CEDAR REALTY TRUST INC,CDR
CDW CORPORATION,CDW
CHROMADEX CORP,CDXC
CODEXIS INC,CDXS
CADIZ INC,CDZI
CELANESE CORP,CE
CECO ENVIRONMENTAL CORP,CECE
CAREER EDUCATION CORP,CECO
CONSOL ENERGY INC,CEIX
CELCUITY,CELC
CELGENE CORP,CELG
CELSIUS HOLDINGS INC,CELH
CENTRAL GARDEN & PET CO,CENT
CENTRAL GARDEN & PET CO,CENTA
CENTURY ALUMINUM CO,CENX
CERECOR INC,CERC
CERNER CORP,CERN
CERUS CORP,CERS
CENTRAL EUROPEAN MEDIA,CETV
CEVA INC,CEVA
CF INDUSTRIES HOLDINGS,CF
C & F FINANCIAL CORP,CFFI
CAPITOL FEDERAL FINL INC,CFFN
CITIZENS FINANCIAL INC,CFG
CONFORMIS INC,CFMS
CULLEN FROST BANKERS,CFR
COLFAX CORP,CFX
COGNEX CORP,CGNX
CHAPARRAL ENERGY INC,CHAP
CITY HOLDING CO,CHCO
COMMUNITY HEALTHCARE TR,CHCT
CHURCH & DWIGHT INC,CHD
CHURCHILL DOWNS INC,CHDN
CHEMED CORPORATION,CHE
CHEFS' WHAREHOUSE INC,CHEF
CHEMICAL FINANCIAL CORP,CHFC
CHEGG INC,CHGG
CHOICE HOTELS INTL INC,CHH
CHESAPEAKE ENERGY CORP,CHK
CHIASMA INC,CHMA
CHEMUNG FINL CORP,CHMG
CHERRY HILL MORTGAGE INV,CHMI
CHARAH SOLUTIONS INC,CHRA
COHERUS BIOSCIENCES,CHRS
C H ROBINSON WORLDWIDE,CHRW
CHICOS FAS INC,CHS
CHESAPEAKE LODGING TRUST,CHSP
CHARTER COMM INC,CHTR
CHUY'S HOLDINGS INC,CHUY
CIGNA CORP,CI
CITIZENS INC,CIA
CIENA CORP,CIEN
CHIMERA INVESTMENT CORP,CIM
CINCINNATI FINANCIAL,CINF
CITY OFFICE REIT INC,CIO
CIRCOR INTERNATIONAL INC,CIR
CISION,CISN
CIT GROUP INC,CIT
CIVISTA BANCSHARES INC,CIVB
COMPX INTERNATIONAL INC,CIX
C&J ENERGY SERVICES INC,CJ
SEACOR HOLDINGS INC,CKH
CHECKPOINT THERAPEUTICS,CKPT
COLGATE PALMOLIVE CO,CL
CLARUS CORPORATION,CLAR
COLUMBIA FINANCIAL INC,CLBK
COLLECTORS UNIVERSE INC,CLCT
CLOUDERA INC,CLDR
CHATHAM LODGING TR,CLDT
CLEVELAND-CLIFFS INC,CLF
CLEARFIELD INC,CLFD
CORELOGIC INC,CLGX
CLEAN HARBORS INC,CLH
MACK CALI REALTY CORP,CLI
COLONY CR RE INC (A),CLNC
CLEAN ENERGY FUELS CORP,CLNE
COLONY CAPITAL INC,CLNY
CLIPPER REALTY INC,CLPR
CONTINENTAL RESOURCES,CLR
CLOVIS ONCOLOGY INC,CLVS
CLEARWATER PAPER CORP,CLW
CLOROX CO,CLX
CALYXT,CLXT
COMERICA INC,CMA
COMMERCIAL METALS CO,CMC
COLUMBUS MCKINNON CORP,CMCO
COMCAST CORP CL A,CMCSA
CIM COMMERCIAL TRUST,CMCT
CANTEL MEDICAL CORP,CMD
CME GROUP INC,CME
CHIPOTLE MEXICAN GRILL,CMG
CUMMINS INC,CMI
CUMULUS MEDIA INC,CMLS
CAPSTEAD MORTGAGE CORP,CMO
COMPASS MINERALS INTL,CMP
CIMPRESS NV,CMPR
COSTAMARE INC,CMRE
CHIMERIX INC,CMRX
CMS ENERGY CORP,CMS
COMTECH TELECOMM,CMTL
CNA FINANCIAL CORP,CNA
CENTURY BANCORP INC,CNBKA
CENTENE CORP,CNC
CONCERT PHARMACEUTICALS,CNCE
CONDUENT INC,CNDT
CINEMARK HOLDINGS INC,CNK
CONMED CORP,CNMD
CANNAE HOLDINGS INC,CNNE
CNO FINANCIAL GROUP,CNO
CONNECTONE BANCORP INC,CNOB
CENTERPOINT ENERGY INC,CNP
CORNERSTONE BUILDING,CNR
COHEN & STEERS INC,CNS
CONSOLIDATED COMM,CNSL
CONSTELLATION PHARMA,CNST
CENTURY CASINOS INC,CNTY
CNX RESOURCES CORP,CNX
P C CONNECTION,CNXN
CODA OCTOPUS GROUP INC,CODA
CAPITAL ONE FINANCIAL,COF
CABOT OIL & GAS CORP,COG
COHERENT INC,COHR
COHU INC,COHU
COCA-COLA CONSOLIDATED,COKE
COLUMBIA BKG SYSTEM INC,COLB
AMERICOLD REALTY TRUST,COLD
COLLEGIUM PHARMACEUTICAL,COLL
COLUMBIA SPORTSWEAR CO,COLM
COMMSCOPE HOLDING CO,COMM
CYRUSONE INC,CONE
CONNS INC,CONN
COOPER COMPANIES INC,COO
MR. COOPER GROUP INC,COOP
CONOCOPHILLIPS,COP
CORESITE REALTY CORP,COR
CORE MARK HOLDING CO INC,CORE
CORENERGY INFRASTRUCT,CORR
CORCEPT THERAPEUTICS INC,CORT
COSTCO WHOLESALE CORP,COST
COTY INC,COTY
COUPA SOFTWARE INC,COUP
COWEN INC,COWN
COPA HOLDINGS SA,CPA
CAMPBELL SOUP CO,CPB
CALLON PETROLEUM CO,CPE
CENTRAL PACIFIC FINL,CPF
CHESAPEAKE UTILITIES,CPK
COREPOINT LODGINGS INC,CPLG
CAPRI HOLDINGS LIMITED,CPRI
COPART INC,CPRT
CATALYST PHARMACEUTICALS,CPRX
COOPER STD HLDGS INC,CPS
COMPUTER PROGRAMS & SYS,CPSI
CAMDEN PROPERTY TRUST,CPT
CRANE CO,CR
CRA INTERNATIONAL INC,CRAI
CRAY INC,CRAY
CORBUS PHARMACEUTICALS,CRBP
CALIFORNIA RESOURCES,CRC
CARE.COM INC,CRCM
CRAWFORD & CO CL A,CRD.A
CREE INC,CREE
CARTER INC,CRI
COMSTOCK RESOURCES INC,CRK
CHARLES RIVER LABS INTL,CRL
SALESFORCE COM INC,CRM
CORMEDIX INC,CRMD
AMERICAS CAR-MART INC,CRMT
CRINETICS PHARMACEUTICAL,CRNX
CROCS INC,CROX
CARPENTER TECHNOLOGY,CRS
CORTEXYME,CRTX
CIRRUS LOGIC INC,CRUS
CORVEL CORP,CRVL
CRYOLIFE INC,CRY
CARRIZO OIL & GAS INC,CRZO
CISCO SYSTEMS INC,CSCO
CENTERSTATE BANK CORP,CSFL
COSTAR GROUP INC,CSGP
CSG SYSTEMS INTL INC,CSGS
CARDIOVASCULAR SYS INC,CSII
CARLISLE COS INC,CSL
CASTLIGHT HEALTH INC,CSLT
CORNERSTONE ONDEMAND INC,CSOD
CAESARSTONE LTD,CSTE
CAPSTAR FINANCIAL HLDG,CSTR
CARRIAGE SERVICES INC,CSV
CSW INDUSTRIALS INC,CSWI
CSX CORP,CSX
CINTAS CORP,CTAS
COOPER TIRE & RUBBER CO,CTB
COMMUNITY TRUST BANCORP,CTBI
CENTURYLINK INC,CTL
CATALENT INC,CTLT
CYTOMX THERAPEUTICS INC,CTMX
CONSOLIDATED TOMOKA LAND,CTO
CONTURA ENERGY,CTRA
CENTRIC BRANDS INC,CTRC
CARETRUST REIT INC,CTRE
CONTROL4 CORPORATION,CTRL
CITI TRENDS INC,CTRN
CTS CORP,CTS
COGNIZANT TECH SOLUTIONS,CTSH
CYTOSORBENTS CORP,CTSO
CATCHMARK TIMBER TRUST,CTT
CORTEVA,CTVA
CONNECTICUT WATER SVC,CTWS
CITRIX SYSTEMS INC,CTXS
CUBIC CORP,CUB
CUBESMART,CUBE
CUSTOMERS BANCORP INC,CUBI
CUE BIOPHARMA INC,CUE
CULP INC,CULP
CURO GROUP HOLDINGS CORP,CURO
CUTERA INC,CUTR
COUSINS PROPERTIES INC,CUZ
COVANTA  HOLDING CORP,CVA
CVB FINANCIAL CORP,CVBF
CAVCO INDUSTRIES INC,CVCO
CENTRAL VALLEY CMNTY,CVCY
COVETRUS INC,CVET
COMMERCIAL VEH GROUP INC,CVGI
CALAVO GROWERS INC,CVGW
CVR ENERGY INC,CVI
COVIA HOLDINGS CORP,CVIA
COMMVAULT SYSTEMS INC,CVLT
CODORUS VY BANCORP INC,CVLY
CEL-SCI CORP,CVM
CARVANA CO,CVNA
CORINDUS VASC ROBOTICS,CVRS
CVS HEALTH CORPORATION,CVS
COVENANT TRANS GRP INC,CVTI
CHEVRON CORP,CVX
CURTISS WRIGHT CORP,CW
CONSOLIDATED WATER CO,CWCO
CLEARWAY ENERGY (C),CWEN
CLEARWAY ENERGY,CWEN.A
CAMPING WORLD HOLDINGS,CWH
CUSHMAN & WAKEFIELD PLC,CWK
CASELLA WASTE SYSTEMS,CWST
CALIFORNIA WTR SVC GRP,CWT
CONCHO RESOURCES INC,CXO
COLUMBIA PPTY TR INC,CXP
CORECIVIC INC,CXW
CYPRESS SEMICONDUCTOR,CY
CYCLERION THERAPEUTICS,CYCN
COMMUNITY HEALTH SYSTEMS,CYH
CRYOPORT INC,CYRX
CYTOKINETICS INC,CYTK
CITIZENS & NORTHERN CORP,CZNC
CAESARS ENTMT CORP,CZR
DOMINION ENERGY INC,D
DAKTRONICS INC,DAKT
DELTA AIR LINES INC,DAL
DANA INCORPORATED,DAN
DARLING INGREDIENTS INC,DAR
TABLEAU SOFTWARE INC,DATA
DIEBOLD NIXDORF,DBD
DESIGNER BRANDS INC,DBI
DROPBOX,DBX
DONALDSON INC,DCI
DUCOMMUN INC,DCO
DIME CMNTY BANCSHARES,DCOM
DECIPHERA PHARMACEUTICAL,DCPH
DUPONT DE NEMOURS INC,DD
3D SYSTEMS CORP,DDD
DILLARDS INC,DDS
DEERE & CO,DE
EASTERLY GOVERNMENT PPTY,DEA
DECKERS OUTDOOR CORP,DECK
DOUGLAS EMMETT INC,DEI
DELL TECHNOLOGIES,DELL
DENNYS CORP,DENN
DERMIRA INC,DERM
DEAN FOODS COMPANY,DF
DONNELLEY FINANCIAL,DFIN
DEL FRISCOS RESTAURANT,DFRG
DISCOVER FINANCIAL SRVC,DFS
DOLLAR GENERAL CORP,DG
DONEGAL GROUP INC,DGICA
DIGI INTL INC,DGII
QUEST DIAGNOSTICS INC,DGX
D R HORTON INC,DHI
DIAMOND HILL INVESTMENT,DHIL
DANAHER CORP,DHR
DHT HOLDINGS INC,DHT
DHI GROUP INC,DHX
DINE BRANDS GLOBAL INC,DIN
DIODES INC,DIOD
DISNEY WALT CO,DIS
DISCOVERY INC SERIES A,DISCA
DISCOVERY INC SERIES C,DISCK
DISH NETWORK CORP,DISH
DAILY JOURNAL CORP,DJCO
DELEK US HLDGS INC,DK
DICKS SPORTING GOODS INC,DKS
DELTA APPAREL INC,DLA
DOLBY LABORATORIES INC,DLB
DIGITAL REALTY TRUST INC,DLR
DULUTH HOLDINGS INC,DLTH
DOLLAR TREE INC,DLTR
DELUXE CORP,DLX
DIGIMARC CORPORATION,DMRC
DNB FINL CORP,DNBF
DUNKIN BRANDS GROUP INC,DNKN
DENALI THERAPEUTICS INC,DNLI
NOW INC,DNOW
DENBURY RESOURCES INC,DNR
DIAMOND OFFSHR DRILLING,DO
PHYSICIANS REALTY TRUST,DOC
DOCUSIGN,DOCU
DOMO INC,DOMO
MASONITE INTL CORP,DOOR
DORMAN PRODUCTS INC,DORM
DOVER CORP,DOV
DOVA PHARMACEUTICALS,DOVA
DOW INC,DOW
AMDOCS LTD,DOX
DIPLOMAT PHARMACY INC,DPLO
DOMINOS PIZZA INC,DPZ
DUKE REALTY CORP,DRE
DIAMONDROCK HOSPITALITY,DRH
DARDEN RESTAURANTS INC,DRI
DICERNA PHARMACEUTICALS,DRNA
DRIL-QUIP INC,DRQ
DRIVE SHACK,DS
DASEKE INC,DSKE
DSP GROUP INC,DSPG
DIAMOND S SHIPPING,DSSI
DTE ENERGY CO,DTE
PRECISION BIOSCIENCES,DTIL
DUKE ENERGY CORP,DUK
DAVITA INC,DVA
DYNAVAX TECHNOLOGIES,DVAX
DEVON ENERGY CORP,DVN
DYNEX CAPITAL INC,DX
DXC TECHNOLOGY COMPANY,DXC
DEXCOM INC,DXCM
DXP ENTERPRISES INC,DXPE
DYCOM INDUSTRIES INC,DY
DASAN ZHONE SOLUTIONS,DZSI
ELECTRONIC ARTS INC,EA
GRAFTECH INTERNATIONAL,EAF
BRINKER INTERNATIONAL,EAT
EVENTBRITE,EB
EBAY INC,EBAY
ENNIS INC,EBF
EBIX INC,EBIX
EMERGENT BIOSOLUTIONS,EBS
MERIDIAN BANCORP INC,EBSB
ENTERPRISE BANCORP INC,EBTC
ECHO GLOBAL LOGISTICS,ECHO
ECOLAB INC,ECL
US ECOLOGY INC,ECOL
CHANNELADVISOR CORP,ECOM
ELECTROCORE INC,ECOR
ENCORE CAPITAL GROUP INC,ECPG
CONSOLIDATED EDISON INC,ED
EDITAS MEDICINE INC,EDIT
EL PASO ELECTRIC CO,EE
EURONET WORLDWIDE INC,EEFT
EMERALD EXPOSITIONS,EEX
ELLINGTON FINANCIAL,EFC
ELECTRONICS FOR IMAGING,EFII
ENTERPRISE FINL SERVICES,EFSC
EQUIFAX INC,EFX
EGAIN CORPORATION,EGAN
EAGLE BANCORP INC,EGBN
8X8 INC NEW,EGHT
EAGLE BULK SHIPPING INC,EGLE
NIC INC,EGOV
EASTGROUP PROPERTIES INC,EGP
EAGLE PHARMACEUTICALS,EGRX
ENCOMPASS HEALTH CORP,EHC
EHEALTH INC,EHTH
EIDOS THERAPEUTICS,EIDX
EMPLOYERS HOLDINGS INC,EIG
ENDURANCE INTERNATIONAL,EIGI
EIGER BIOPHARMACEUTICALS,EIGR
EDISON INTERNATIONAL,EIX
ESTEE LAUDER COMPANIES,EL
ELANCO ANIMAL HEALTH,ELAN
ELF BEAUTY INC,ELF
ELOXX PHARMACEUTICALS,ELOX
EQUITY LIFESTYLE PROP,ELS
ELEVATE CREDIT INC,ELVT
CALLAWAY GOLF CO,ELY
EMC INS GROUP INC,EMCI
EMCOR GROUP INC,EME
EASTERN CO,EML
EASTMAN CHEMICAL CO,EMN
EMERSON ELECTRIC CO,EMR
ENDO INTERNATIONAL PLC,ENDP
ENTEGRA FINANCIAL CORP,ENFC
ENOCHIAN BIOSCIENCES,ENOB
ENPHASE ENERGY INC,ENPH
ENERGIZER HOLDINGS INC,ENR
ENERSYS INC,ENS
ENSIGN GROUP INC,ENSG
ENANTA PHARMACEUTICALS,ENTA
ENTEGRIS INC,ENTG
ENVESTNET INC,ENV
ENOVA INTERNATIONAL INC,ENVA
ENZO BIOCHEM INC,ENZ
EOG RESOURCES INC,EOG
EVOLUS INC,EOLS
EPAM SYSTEMS INC,EPAM
BOTTOMLINE TECHNOLOGIES,EPAY
EDGEWELL PERSONAL CARE,EPC
EVOLUTION PETROLEUM CORP,EPM
EPR PROPERTIES,EPR
ESSENTIAL PROPERTIES,EPRT
EPIZYME INC,EPZM
EQUITY BANCSHARE INC,EQBK
EQUITY COMMONWEALTH,EQC
AXA EQUITABLE HOLDINGS,EQH
EQUINIX INC,EQIX
EQUITY RESIDENTIAL,EQR
EQT CORPORATION,EQT
ERA GROUP INC,ERA
ELDORADO RESORTS INC,ERI
ERIE INDEMNITY CO,ERIE
ENERGY RECOVERY INC,ERII
EROS INTL PLC,EROS
EVERSOURCE ENERGY,ES
ESCALADE INC,ESCA
ESCO TECHNOLOGIES INC,ESE
ENSTAR GROUP LIMITED,ESGR
ELEMENT SOLUTIONS INC.,ESI
ESSENT GROUP LTD,ESNT
ESPERION THERAPEUTICS,ESPR
ESQUIRE FINANCIAL HLDGS,ESQ
EMPIRE STATE REALTY,ESRT
ESSEX PROPERTY TRUST INC,ESS
ESSA BANCORP INC,ESSA
ELASTIC N.V.,ESTC
EARTHSTONE ENERGY INC,ESTE
COMMUNITY BANKERS TRUST,ESXB
E TRADE FINANCIAL CORP,ETFC
ETHAN ALLEN INTERIORS,ETH
ENTERCOM COMMUNICATIONS,ETM
EATON CORP PLC,ETN
ENTERGY CORP,ETR
EQUITRANS MIDSTREAM CORP,ETRN
ETSY INC,ETSY
EATON VANCE CORP,EV
EVERBRIDGE INC,EVBG
EVANS BANCORP INC,EVBN
ENTRAVISION COMM,EVC
EVERQUOTE,EVER
EVOFEM BIOSCIENCES INC,EVFM
EVOLENT HEALTH INC,EVH
EVI INDUSTRIES,EVI
EVELO BIOSCIENCES,EVLO
EVO PAYMENTS INC,EVOP
EVERCORE INC,EVR
EVERGY INC,EVRG
EVERI HOLDINGS INC,EVRI
EVERTEC INC,EVTC
EDWARDS LIFESCIENCES,EW
EAST WEST BANCORP INC,EWBC
EXACT SCIENCES CORP,EXAS
EXELON CORP,EXC
EXELIXIS INC,EXEL
EXLSERVICE HOLDINGS INC,EXLS
EAGLE MATERIALS INC,EXP
EXPEDITORS INTL OF WASH,EXPD
EXPEDIA GROUP INC,EXPE
EXP WORLD HOLDINGS,EXPI
EXPONENT INC,EXPO
EXPRESS INC,EXPR
EXTRA SPACE STORAGE INC,EXR
EXTERRAN CORPORATION,EXTN
EXTREME NETWORKS INC,EXTR
NATIONAL VISION HOLDINGS,EYE
EYEPOINT PHARMACEUTICALS,EYPT
EZCORP INC,EZPW
FORD MOTOR CO,F
FIRST AMERICAN FINL CORP,FAF
DIAMONDBACK ENERGY INC,FANG
FARMER BROS CO,FARM
FARO TECHNOLOGIES INC,FARO
FASTENAL CO,FAST
FATE THERAPEUTICS INC,FATE
FACEBOOK INC,FB
FLAGSTAR BANCORP INC,FBC
FORTUNE BRDS HOME & SEC,FBHS
FIRST BUSINESS FINL SVCS,FBIZ
FB FINANCIAL CORP,FBK
FOUNDATION BLDG MATERIAL,FBM
FIRST BANCSHARES INC MS,FBMS
FIRST BANCORP NC,FBNC
FIRST BANCORP PR,FBP
FRANKLIN COVEY CO,FC
FIRST CAPITAL INC,FCAP
FIRST CMNTY BANCSHAR,FCBC
FIRST CHOICE BANCORP,FCBP
1ST CONSTITUTION BANCORP,FCCY
FIRST COMMONWLTH FINL,FCF
FIRSTCASH INC,FCFS
FTI CONSULTING INC,FCN
FIRST CITIZENS BANCSHRS,FCNCA
FOUR CORNERS PPTY TRUST,FCPT
FREEPORT-MCMORAN INC,FCX
FIDELITY D&D BANCORP INC,FDBC
FIRST DATA CORPORATION,FDC
FIRST DEFIANCE FINANCIAL,FDEF
FRESH DEL MONTE PRODUCE,FDP
FACTSET RESEARCH SYSTEMS,FDS
FEDEX CORP,FDX
FIRSTENERGY CORP,FE
FRANKLIN ELECTRIC CO,FELE
FORUM ENERGY TECH,FET
FIREEYE INC,FEYE
FUTUREFUEL CORPORATION,FF
FIRST FINANCIAL BANCORP,FFBC
FBL FINANCIAL GROUP INC,FFG
FLUSHING FINANCIAL CORP,FFIC
FIRST FINL BANKSHARES,FFIN
F5 NETWORKS INC,FFIV
FIRST FINL NORTHWEST,FFNW
FIRST FNDTN INC,FFWM
FGL HOLDINGS,FG
FIRST GUARANTY BANCSHARE,FGBI
FIBROGEN INC,FGEN
FIRST HAWAIIAN INC,FHB
FIRST HORIZON NATL CORP,FHN
FRANK'S INTERNATIONAL,FI
FIRST INTST BANCSYSTEM,FIBK
FAIR ISAAC CORP,FICO
FEDERATED INVESTORS INC,FII
FIDELITY NATL INFO SVCS,FIS
FINANCIAL INSTNS INC,FISI
FISERV INC,FISV
FITBIT INC,FIT
FIFTH THIRD BANCORP,FITB
FIVE BELOW,FIVE
FIVE9 INC,FIVN
COMFORT SYSTEMS USA INC,FIX
HOMOLOGY MEDICINES,FIXX
NATIONAL BEVERAGE CORP,FIZZ
FOOT LOCKER INC,FL
FLUIDIGM CORP,FLDM
FIRST LONG ISLAND CORP,FLIC
FLIR SYSTEMS INC,FLIR
FALCON MINERALS CORP (A),FLMN
FLUENT INC,FLNT
FLOWERS FOODS INC,FLO
SPX FLOW INC,FLOW
FLUOR CORP,FLR
FLOWSERVE CORP,FLS
FLEETCOR TECHNOLOGIES,FLT
1-800 FLOWERS COM,FLWS
FLEXION THERAPEUTICS INC,FLXN
FLEXSTEEL INDUSTRIES INC,FLXS
FARMERS & MERCHANTS BNCP,FMAO
FIRST MID BANCSHARES INC,FMBH
FIRST MIDWEST BANCORP,FMBI
FMC CORP,FMC
FARMERS NATL BANC CORP,FMNB
FABRINET,FN
FNB CORP,FNB
FNCB BANCORP INC,FNCB
FLOOR & DECOR HOLDINGS,FND
FNF GROUP,FNF
FEDNAT HOLDING COMPANY,FNHC
FUNKO CLASS A,FNKO
FIRST BANCORP INC,FNLC
FINISAR CORP,FNSR
FIRST NORTHWEST BANCORP,FNWB
FOCUS FINANCIAL PARTNERS,FOCS
FERRO CORP,FOE
AMICUS THERAPEUTICS INC,FOLD
FORESTAR GROUP INC,FOR
FORMFACTOR INC,FORM
FORRESTER RESEARCH INC,FORR
FOSSIL GROUP INC,FOSL
FOX CORPORATION CLASS B,FOX
FOX CORPORATION CLASS A,FOXA
FOX FACTORY HOLDING CORP,FOXF
FARMLAND PARTNERS INC,FPI
FIVE PRIME THERAPEUTICS,FPRX
FIRST INDUSTRIAL RLTY TR,FR
KEANE GROUP INC,FRAC
FRANKLIN FINANCIAL SERV,FRAF
FIRST BANK WILLIAMSTOWN,FRBA
REPUBLIC FIRST BANCORP,FRBK
FIRST REP BK SAN FRAN,FRC
FIESTA RESTAURANT GROUP,FRGI
FIRST MERCHANTS CORP,FRME
FRP HOLDINGS INC,FRPH
FRESHPET INC,FRPT
FEDERAL REALTY INVT,FRT
FORTERRA INC,FRTA
FRANKLIN FINANCIAL NTWK,FSB
FS BANCORP INC,FSBW
FORESCOUT TECHNOLOGIES,FSCT
FIRST SOLAR INC,FSLR
FRANKLIN STREET PPTYS CO,FSP
FEDERAL SIGNAL CORP,FSS
FOSTER L B CO,FSTR
FRONTDOOR INC,FTDR
FLOTEK INDUSTRIES INC,FTK
FORTINET INC,FTNT
FRONTIER COMMUNICATIONS,FTR
FTS INTERNATIONAL INC,FTSI
FORTY SEVEN INC,FTSV
FORTIVE CORPORATION,FTV
HB FULLER COMPANY,FUL
FULTON FINANCIAL CORP,FULT
FVCBANKCORP INC,FVCB
LIBERTY FORMULA 1 SER A,FWONA
LIBERTY FORMULA 1 SER C,FWONK
FORWARD AIR CORP,FWRD
GENPACT LTD,G
GERMAN AMERICAN BANCORP,GABC
GAIA INC,GAIA
GALECTIN THERAPEUTICS,GALT
GATX CORP,GATX
GLACIER BANCORP INC,GBCI
GAMCO INVESTORS INC,GBL
GLOBAL INDEMNITY LTD,GBLI
GLOBAL BLOOD THERA,GBT
GREENBRIER COMPANIES INC,GBX
GAIN CAPITAL HLDNGS INC,GCAP
GREENE COUNTY BANCORP,GCBC
GANNETT CO INC,GCI
GENESCO INC,GCO
GCP APPLIED TECHNOLOGIES,GCP
GENERAL DYNAMICS CORP,GD
GODADDY INC,GDDY
GOLDEN ENTERTAINMENT INC,GDEN
GARDNER DENVER HOLDINGS,GDI
GREEN DOT CORP,GDOT
GOODRICH PETROLEUM CORP,GDP
GENERAL ELECTRIC CO,GE
GREIF INC,GEF
GREIF INC,GEF.B
GENESIS HEALTHCARE INC,GEN
GENCOR INDUSTRIES INC,GENC
GEO GROUP INC,GEO
GEOSPACE TECHNOLOGIES,GEOS
GERON CORP,GERN
GUESS INC,GES
GRIFFON CORP,GFF
GENERAL FINANCE CORP,GFN
GRACO INC,GGG
GUARDANT HEALTH,GH
GRAHAM HOLDINGS COMPANY,GHC
GENOMIC HEALTH INC,GHDX
GREENHILL & CO INC,GHL
GRAHAM CORP,GHM
G-III APPAREL GROUP LTD,GIII
GILEAD SCIENCES INC,GILD
GENERAL MILLS INC,GIS
GLAUKOS CORPORATION,GKOS
GREAT LAKES DREDGE & DOC,GLDD
GCI LIBERTY INC,GLIBA
GOLAR LNG LTD BERMUDA,GLNG
GASLOG LTD,GLOG
GAMING AND LEISURE PPTYS,GLPI
GREENLIGHT CAPITAL RE LT,GLRE
GLATFELTER,GLT
GLU MOBILE INC,GLUU
CORNING INC,GLW
GLYCOMIMETICS INC,GLYC
GENERAL MTRS CO,GM
GAMESTOP CORP,GME
GLOBUS MEDICAL INC,GMED
GLOBAL MEDICAL REIT INC,GMRE
GMS INC,GMS
GNC HLDGS INC,GNC
GENIE ENERGY LTD,GNE
GENCO SHIPPING & TRADING,GNK
GLOBAL NET LEASE INC,GNL
GREENLANE HOLDINGS,GNLN
GENMARK DIAGNOSTICS INC,GNMK
GENERAC HOLDINGS INC,GNRC
GENTEX CORP,GNTX
GUARANTY BANCSHARES INC,GNTY
GENWORTH FINANCIAL INC,GNW
GOGO INC,GOGO
ACUSHNET HOLDINGS CORP,GOLF
GLADSTONE COMMERCIAL,GOOD
ALPHABET INC CL C,GOOG
ALPHABET INC CL A,GOOGL
GOLD RESOURCE CORP,GORO
GOSSAMER BIO,GOSS
GENUINE PARTS CO,GPC
GROUP 1 AUTOMOTIVE INC,GPI
GRAPHIC PACKAGING HLDG,GPK
GRANITE POINT MORTGAGE,GPMT
GLOBAL PAYMENTS INC,GPN
GULFPORT ENERGY CORP,GPOR
GREEN PLAINS INC,GPRE
GOPRO INC,GPRO
GAP INC,GPS
GP STRATEGIES CORP,GPX
GRACE W R & CO,GRA
GREEN BRICK PARTNERS INC,GRBK
GORMAN RUPP CO,GRC
GRIFFIN INDUSTRIAL RLTY,GRIF
GARMIN LTD,GRMN
GROUPON INC,GRPN
GRITSTONE ONCOLOGY,GRTS
GRUBHUB INC,GRUB
GOLDMAN SACHS GROUP INC,GS
GREAT SOUTHERN BANCORP,GSBC
GOOSEHEAD INSURANCE,GSHD
GSI TECHNOLOGY,GSIT
GOODYEAR TIRE & RUBBER,GT
GATES INDUSTRIAL CORP,GTES
G1 THERAPEUTICS,GTHX
CHART INDUSTRIES INC,GTLS
GRAY TELEVISION INC,GTN
TRIPLE-S MANAGEMENT CORP,GTS
GTT COMMUNICATIONS INC,GTT
GETTY REALTY CORP,GTY
GTY TECHNOLOGY HOLDINGS,GTYH
GRANITE CONSTR INC,GVA
GREAT WESTERN BANCORP,GWB
GWG HLDGS INC,GWGH
GENESEE & WYOMING INC,GWR
GUIDEWIRE SOFTWARE INC,GWRE
GLOBAL WATER RESOURCES,GWRS
GRAINGER WW INC,GWW
HYATT HOTELS CORP,H
HAWAIIAN HOLDINGS INC,HA
HABIT RESTAURANTS,HABT
HAEMONETICS CORP,HAE
HANMI FINANCIAL CORP,HAFC
HAIN CELESTIAL GROUP,HAIN
HALLIBURTON CO,HAL
HALLMARK FINL SVCS INC,HALL
HALOZYME THERAPEUTICS,HALO
HARPOON THERAPEUTICS,HARP
HASBRO INC,HAS
HANNON ARMSTRONG SUSTAIN,HASI
HAYNES INTERNATIONAL INC,HAYN
HUNTINGTON BANCSHARES,HBAN
HAMILTON BEACH BRANDS,HBB
HOME BANCORP INC,HBCP
HANESBRAND INC,HBI
HOWARD BANCORP INC,HBMD
HORIZON BANCORP INC,HBNC
HCA HEALTHCARE INC,HCA
WARRIOR MET COAL INC,HCC
HERITAGE CRYL CLEAN INC,HCCI
HCI GROUP INC,HCI
HACKETT GROUP INC,HCKT
HCP INC,HCP
HEALTHCARE SVCS GRP INC,HCSG
HOME DEPOT INC,HD
HD SUPPLY HOLDINGS INC,HDS
HAWAIIAN ELECTRIC INDS,HE
H&E EQUIPMENT SERVICES,HEES
HEICO CORP COMMON,HEI
HEICO CORP CL A,HEI.A
HELEN OF TROY LTD,HELE
HESS CORP,HES
HFF INC,HF
HOLLYFRONTIER CORP,HFC
HF FOODS GROUP INC,HFFG
HERITAGE FINANCIAL CORP,HFWA
HILTON GRAND VACATIONS,HGV
HOWARD HUGHES CORP,HHC
HILLENBRAND INC,HI
HIBBETT SPORTS INC,HIBB
HINGHAM INSTN SVGS MASS,HIFS
HARTFORD FINL SVCS GRP,HIG
HUNTINGTON INGALLS IND,HII
HEALTH INS INNOVATIONS,HIIQ
AEROHIVE NETWORKS INC,HIVE
HIGHWOODS PROPERTIES INC,HIW
HECLA MINING CO,HL
HERBALIFE NUTRITION LTD,HLF
HOULIHAN LOKEY INC,HLI
HELIOS TECHNOLOGIES INC,HLIO
HARMONIC INC,HLIT
HAMILTON LANE INC,HLNE
HILTON WORLDWIDE HOLDING,HLT
HELIX ENERGY SOLUTIONS,HLX
HOUGHTON MIFFLIN HARCOUR,HMHC
HORACE MANN EDUCATORS,HMN
HOMESTREET INC,HMST
HMS HOLDINGS CORP,HMSY
HEMISPHERE MEDIA GROUP,HMTV
HANGER INC,HNGR
HNI CORPORATION,HNI
HALLADOR ENERGY CO,HNRG
HOOKER FURNITURE CORP,HOFT
HARLEY DAVIDSON INC,HOG
HOLOGIC INC,HOLX
HOME BANCSHARES INC,HOMB
AT HOME GROUP INC,HOME
HONEYWELL INTERNATIONAL,HON
HARBORONE BANCORP INC,HONE
HOOKIPA PHARMA,HOOK
HOPE BANCORP INC,HOPE
HELMERICH & PAYNE INC,HP
HEWLETT PACKARD ENT,HPE
HUDSON PAC PPTYS INC,HPP
HP INC,HPQ
HIGH POINT RESOURCES,HPR
HOSPITALITY PPTYS TRUST,HPT
HEALTHEQUITY INC,HQY
HEALTHCARE REALTY TRUST,HR
BLOCK H & R INC,HRB
HILL-ROM HOLDINGS INC,HRC
HERC HOLDING INC,HRI
HORMEL FOODS CORP,HRL
HERITAGE INS HLDGS INC,HRTG
HERON THERAPEUTICS INC,HRTX
HARSCO CORP,HSC
SCHEIN HENRY INC,HSIC
HEIDRICK & STRUGGLES,HSII
HESKA CORP,HSKA
HOST HOTELS & RESORTS,HST
HEALTHSTREAM INC,HSTM
HERSHEY COMPANY,HSY
HERSHA HOSPITALITY TRUST,HT
HEALTHCARE TR AMER INC,HTA
HOMETRUST BANCSHARES INC,HTBI
HERITAGE COMMERCE CORP,HTBK
HILLTOP HOLDINGS INC,HTH
HEARTLAND EXPRESS INC,HTLD
HEARTLAND FINANCIAL USA,HTLF
HERTZ GLOBAL HOLDINGS,HTZ
HUBBELL INC,HUBB
HUB GROUP INC,HUBG
HUBSPOT INC,HUBS
HUDSON LTD,HUD
HUMANA INC,HUM
HUNTSMAN CORP,HUN
HURCO COMPANIES INC,HURC
HURON CONSULTING GROUP,HURN
HAVERTY FURNITURE INC,HVT
HAWTHORN BANCSHARES INC,HWBK
HANCOCK WHITNEY CORP,HWC
HAWKINS INC,HWKN
HEXCEL CORP,HXL
HYSTER-YALE MATERIALS,HY
HORIZON THERAPEUTICS PLC,HZNP
MARINEMAX INC,HZO
INTELSAT SA,I
IAA,IAA
IAC INTERACTIVECORP,IAC
INTEGRA LIFESCIENCES,IART
INDEPENDENT BANK CORP,IBCP
IBERIABANK CORP,IBKC
INTERACTIVE BROKERS GRP,IBKR
INTL BUSINESS MACHINES,IBM
INTERNATIONAL BANCSHARES,IBOC
INSTALLED BLDNG PRODUCTS,IBP
INDEPENDENT BK GROUP INC,IBTX
IND CONTRACT DRILLING,ICD
INTERCONTINENTAL EXCH,ICE
ICF INTERNATIONAL INC,ICFI
ICHOR HOLDINGS INC,ICHR
INTERCEPT PHARMA INC,ICPT
ICU MEDICAL INC,ICUI
IDACORP INC,IDA
INTERDIGITAL INC,IDCC
IDEANOMICS INC,IDEX
IDT CORP,IDT
IDEXX LABS INC,IDXX
IES HOLDINGS INC,IESC
IDEX CORP,IEX
INTL FLAVORS & FRAGRANCE,IFF
INTERNATIONAL GAME TECH,IGT
INDEPENDENCE HOLDING CO,IHC
INFORMATION SERVICES GRP,III
INSTEEL INDUSTRIES INC,IIIN
I3 VERTICALS INC,IIIV
INTRICON CORP,IIN
INNOVATIVE INDUSTRIAL,IIPR
II VI INC,IIVI
ILLUMINA INC,ILMN
INDUSTRIAL LOGISTICS,ILPT
IMAX CORP,IMAX
IMMUNOGEN INC,IMGN
INGLES MARKETS INC,IMKTA
IMMERSION CORP,IMMR
IMMUNOMEDICS INC,IMMU
INTERNATIONAL MONEY EXP,IMXI
FIRST INTERNET BANCORP,INBK
INCYTE CORP,INCY
INDEPENDENT BANK MA,INDB
INFINERA CORP,INFN
IHS MARKIT LTD,INFO
INOGEN INC,INGN
INGREDION INC,INGR
SUMMIT HOTEL PPTYS,INN
INOVIO PHARMACEUTICALS,INO
INOVALON HOLDINGS INC,INOV
INTELLIGENT SYSTEMS CORP,INS
INSPIRED ENTERTAINMENT,INSE
INSEEGO CORP,INSG
INSMED INC,INSM
INSPIRE MEDICAL SYSTEMS,INSP
INSTRUCTURE INC,INST
INTERNATIONAL SEAWAYS,INSW
WORLD FUEL SVCS CORP,INT
INTEL CORP,INTC
INTL FCSTONE INC,INTL
INTUIT,INTU
INNOVIVA INC,INVA
INVITATION HOMES INC,INVH
INNERWORKINGS INC,INWK
IONIS PHARMACEUTICALS,IONS
INNOSPEC INC,IOSP
ADESTO TECHNOLOGIES CORP,IOTS
IOVANCE BIOTHERAPEUTICS,IOVA
INTERNATIONAL PAPER CO,IP
INTER PARFUMS INC,IPAR
INTERPUBLIC GROUP OF COS,IPG
IPG PHOTONICS CORP,IPGP
INPHI CORP,IPHI
INNOPHOS HOLDINGS INC,IPHS
INTREPID POTASH INC,IPI
IQVIA HOLDINGS INC,IQV
INGERSOLL-RAND PLC,IR
IROBOT CORP,IRBT
IRIDIUM COMMUNICATIONS,IRDM
INVESTORS REAL ESTATE TR,IRET
IRON MOUNTAIN INC,IRM
IRADIMED CORPORATION,IRMD
INDEPENDENCE RLTY TRUST,IRT
IRHYTHM TECHNOLOGIES INC,IRTC
IRONWOOD PHARMACEUTICALS,IRWD
INVESTORS BANCORP INC,ISBC
INTERNATIONAL SPEEDWAY,ISCA
INTUITIVE SURGICAL INC,ISRG
ISRAMCO INC,ISRL
INVESTAR HOLDING CORP,ISTR
GARTNER INC,IT
INTRA CELLULAR THERAPIES,ITCI
INTEGER HOLDINGS CORP,ITGR
ITERIS INC,ITI
INVESTORS TITLE CO,ITIC
ITRON INC,ITRI
ITT INC,ITT
ILLINOIS TOOL WORKS INC,ITW
INVACARE CORP,IVC
INVESCO MORTGAGE CAP,IVR
INVESCO LTD,IVZ
JACK IN THE BOX INC,JACK
JAGGED PEAK ENERGY INC,JAG
J ALEXANDERS HOLDINGS,JAX
JAZZ PHARMACEUTICALS PLC,JAZZ
JBG SMITH PROPERTIES,JBGS
JB HUNT TRANS SVCS INC,JBHT
JABIL INC,JBL
JETBLUE AIRWAYS CORP,JBLU
SANFILIPPO JOHN B & SON,JBSS
JOHN BEAN TECH CORP,JBT
JERNIGAN CAP INC,JCAP
JOHNSON CONTROLS INTNL,JCI
J2 GLOBAL INC,JCOM
PENNEY J C INC,JCP
JACOBS ENGINEERING GRP,JEC
JEFFERIES FINANCIAL GRP,JEF
JELD-WEN HOLDING INC,JELD
JANUS HENDERSON GROUP,JHG
JJILL INC,JILL
J & J SNACK FOODS CO,JJSF
HENRY JACK & ASSOCIATES,JKHY
JONES LANG LASALLE INC,JLL
JOUNCE THERAPEUTICS INC,JNCE
JOHNSON & JOHNSON,JNJ
JUNIPER NETWORKS INC,JNPR
ST JOE CO,JOE
JOHNSON OUTDOORS INC,JOUT
JPMORGAN CHASE & CO,JPM
JAMES RIVER GROUP HLDG,JRVR
WILEY JOHN & SONS INC,JW.A
NORDSTROM INC,JWN
THE JOINT CORP,JYNT
KELLOGG CO,K
KADANT INC,KAI
KALA PHARMACEUTICALS,KALA
KAISER ALUMINUM CORP,KALU
KALVISTA PHARMACEUTICALS,KALV
KAMAN CORP,KAMN
KAR AUCTION SERVICES INC,KAR
KIMBALL INTERNATIONAL,KBAL
KB HOME,KBH
KBR INC,KBR
KADMON HOLIDINGS INC,KDMN
KEURIG DR PEPPER INC,KDP
KIMBALL ELECTRONICS INC,KE
KELLY SERVICES INC,KELYA
KEMET CORP,KEM
KIRBY CORP,KEX
KEYCORP,KEY
KEYSIGHT TECHNOLOGIES,KEYS
KFORCE INC,KFRC
KORN FERRY,KFY
THE KRAFT HEINZ COMPANY,KHC
ORTHOPEDIATRICS CORP,KIDS
KIMCO REALTY CORP,KIM
KINDRED BIOSCIENCES INC,KIN
KLA-TENCOR CORP,KLAC
KALEIDO BIOSCIENCES,KLDO
KLX ENERGY SERVICES,KLXE
KIMBERLY CLARK CORP,KMB
KINDER MORGAN INC,KMI
KEMPER CORPORATION,KMPR
KENNAMETAL INC,KMT
CARMAX INC,KMX
KNOWLES CORPORATION,KN
KNOLL INC,KNL
KINIKSA PHARMACEUTICALS,KNSA
KINSALE CAPITAL GROUP,KNSL
KNIGHT-SWIFT TRANSPORT,KNX
COCA COLA CO,KO
KODIAK SCIENCES,KOD
KOPPERS HOLDINGS INC,KOP
KOSMOS ENERGY LTD,KOS
KARYOPHARM THERAPEUTICS,KPTI
KROGER CO,KR
KRATON CORPORATION,KRA
KILROY REALTY CORP,KRC
KKR REAL ESTATE FINANCE,KREF
KITE REALTY GROUP TRUST,KRG
KEARNY FINANCIAL CORP,KRNY
KRONOS WORLDWIDE INC,KRO
KRYSTAL BIOTECH,KRYS
KOHLS CORP,KSS
KANSAS CITY SOUTHERN,KSU
KONTOOR BRANDS,KTB
KRATOS DEFENSE & SEC SOL,KTOS
KURA ONCOLOGY INC,KURA
KVH INDUSTRIES INC,KVHI
KENNEDY-WILSON HLDGS INC,KW
QUAKER CHEMICAL CORP,KWR
KEZAR LIFE SCIENCES,KZR
LOEWS CORP,L
MULTI COLOR CORP,LABL
LITHIA MOTORS INC,LAD
LADDER CAPITAL CORP,LADR
LAMAR ADVERTISING CO,LAMR
LANCASTER COLONY CORP,LANC
GLADSTONE LAND INC,LAND
NLIGHT,LASR
LAUREATE EDUCATION INC,LAUR
LAWSON PRODUCTS INC,LAWS
LAZARD LTD,LAZ
L BRANDS INC,LB
LAKELAND BANCORP INC,LBAI
LUTHER BURBANK CORP,LBC
LIBERTY BROADBAND CL A,LBRDA
LIBERTY BROADBAND CL C,LBRDK
LIBERTY OILFIELD SERVICE,LBRT
LENDINGCLUB CORPORATION,LC
LANNETT CO INC,LCI
LCI INDUSTRIES,LCII
LCNB CORP,LCNB
LIFETIME BRANDS INC,LCUT
LYDALL INC,LDL
LEIDOS HOLDINGS INC,LDOS
LANDS END INC,LE
LEAR CORP,LEA
LEAF GROUP LTD,LEAF
LINCOLN ELECTRIC HLDGS,LECO
LEE ENTERPRISES INC,LEE
LEGGETT & PLATT INC,LEG
LEGACY HOUSING CORP,LEGH
LENNAR CORP CL A,LEN
LENNAR CORP CL B,LEN.B
LEVEL ONE BANCORP INC,LEVL
LIBERTY EXPEDIA HOLDINGS,LEXEA
LITTELFUSE INC,LFUS
LIFEVANTAGE CORP,LFVN
LIONS GATE ENT CLASS A,LGF.A
LIONS GATE ENT CLASS B,LGF.B
LGI HOMES INC,LGIH
LIGAND PHARMACEUTICALS,LGND
LABORATORY CORP OF AMER,LH
LHC GROUP INC,LHCG
L3HARRIS TECHNOLOGIES,LHX
LENNOX INTERNATIONAL INC,LII
LIBERTY LATIN AMERICA A,LILA
LIBERTY LATIN AMERICA C,LILAK
LINDE PLC,LIN
LINDBLAD EXPEDITIONS INC,LIND
FIDELITY SOUTHERN CORP,LION
LUMENTUM HOLDINGS INC,LITE
LIVANOVA PLC,LIVN
LIVEXLIVE MEDIA,LIVX
LA JOLLA PHARMACEUTICAL,LJPC
LAKELAND FINANCIAL CORP,LKFN
LKQ CORP,LKQ
LSC COMMUNICATIONS,LKSD
LUMBER LIQUIDATORS HLDGS,LL
L3 TECHNOLOGIES,LLL
LIMELIGHT NETWORKS INC,LLNW
LILLY ELI & CO,LLY
LEGG MASON INC,LM
LEMAITRE VASCULAR INC,LMAT
LIMONEIRA CO,LMNR
LUMINEX CORP,LMNX
LOCKHEED MARTIN CORP,LMT
LINCOLN NATIONAL CORP,LNC
LANDEC CORP,LNDC
CHENIERE ENERGY INC,LNG
LINDSAY CORP,LNN
ALLIANT ENERGY CORP,LNT
LANTHEUS HOLDINGS INC,LNTH
LIVE OAK BANCSHARES INC,LOB
EL POLLO LOCO HLDGS INC,LOCO
LOGICBIO THERAPEUTICS,LOGC
LOGMEIN INC,LOGM
GRAND CANYON EDUCATION,LOPE
LORAL SPACE & COMM,LORL
LOVESAC CO,LOVE
LOWES COS INC,LOW
DORIAN LPG LTD,LPG
LAREDO PETROLEUM INC,LPI
LPL FINANCIAL HOLDINGS,LPLA
LIVEPERSON INC,LPSN
LIBERTY PROPERTY TRUST,LPT
LOUISIANA PACIFIC CORP,LPX
LIQUIDA TECHNOLOGIES INC,LQDA
LIQUIDITY SERVICES INC,LQDT
LAM RESEARCH CORP,LRCX
K12 INC,LRN
LATTICE SEMICONDUCTOR,LSCC
LIFE STORAGE INC,LSI
LANDSTAR SYSTEMS INC,LSTR
LIBERTY SIRIUSXM SER A,LSXMA
LIBERTY SIRIUSXM SER C,LSXMK
LTC PROPERTIES INC,LTC
LIVENT,LTHM
LIBERTY TRIPADVISOR HLDG,LTRPA
LADENBURG THALMAN FIN,LTS
LEGACYTEXAS FIN GROUP,LTXB
LULULEMON ATHLETICA INC,LULU
SOUTHWEST AIRLINES CO,LUV
LAS VEGAS SANDS CORP,LVS
LAMB WESTON HOLDINGS,LW
LUXFER HOLDINGS,LXFR
LEXINGTON REALTY TRUST,LXP
LEXICON PHARMACEUTICALS,LXRX
LSB INDUSTRIES INC,LXU
LYONDELLBASELL INDS,LYB
LYFT,LYFT
LIVE NATION ENT INC,LYV
LA Z BOY INC,LZB
MACYS INC,M
MASTERCARD INC,MA
MID-AMER APT CMNTYS,MAA
MACERICH CO,MAC
MANPOWERGROUP,MAN
MANHATTAN ASSOCS INC,MANH
MANTECH INTERNATIONAL,MANT
MARRIOTT INTL INC,MAR
MASCO CORP,MAS
MASIMO CORPORATION,MASI
MATTEL INC,MAT
MATTHEWS INTERNATIONAL,MATW
MATSON INC,MATX
MAXAR TECHNOLOGIES INC,MAXR
MBIA INC,MBI
MARRONE BIO INNOVATIONS,MBII
MERCHANTS BANCORP,MBIN
MUSTANG BIO,MBIO
MBT FINL CORP,MBTF
MALIBU BOATS INC,MBUU
MERCANTILE BANK CORP,MBWM
MOELIS & CO,MC
METROPOLITAN BANK HOLDIN,MCB
MACATAWA BANK CORP,MCBC
MCDONALDS CORP,MCD
MASTERCRAFT BOAT HOLDING,MCFT
MICROCHIP TECHNOLOGY,MCHP
MARCHEX INC,MCHX
MCKESSON CORP,MCK
MOODYS CORP,MCO
SERES THERAPEUTICS INC,MCRB
MONARCH CASINO & RESORT,MCRI
MILACRON HOLDINGS CORP,MCRN
MARCUS CORP,MCS
MERCURY GENERAL CORP,MCY
MEDNAX INC,MD
MONGODB,MDB
MDC HOLDINGS INC,MDC
MDC CORP,MDCA
MEDICINES CO,MDCO
MADRIGAL PHARMACEUTICALS,MDGL
MONDELEZ INTERNATIONAL,MDLZ
MEREDITH CORP,MDP
MCDERMOTT INTL INC,MDR
ALLSCRIPTS HEALTHCARE,MDRX
MEDIDATA SOLUTIONS INC,MDSO
MEDTRONIC PLC,MDT
MDU RESOURCES GROUP INC,MDU
MAYVILLE ENGINEERING,MEC
MEDIFAST INC,MED
MEDPACE HOLDINGS INC,MEDP
THE MEET GROUP,MEET
METHODE ELECTRS INC,MEI
MEI PHARMA INC,MEIP
MESA AIR GROUP INC,MESA
METLIFE INC,MET
RAMACO RESOURCES INC,METC
MFA FINANCIAL INC,MFA
MEDALLION FINANCIAL,MFIN
MACKINAC FINL CORP,MFNC
MUTUALFIRST FINL INC,MFSF
MISTRAS GROUP INC,MG
MGE ENERGY INC,MGEE
MAGELLAN HEALTH INC,MGLN
MGM RESORTS INTL,MGM
MACROGENICS INC,MGNX
MGP INGREDIENTS INC,MGPI
MCGRATH RENTCORP,MGRC
MAGENTA THERAPEUTICS INC,MGTA
MEIRAGTX HOLDINGS PLC,MGTX
MAGNOLIA OIL & GAS (A),MGY
MOHAWK INDUSTRIES INC,MHK
M/I HOMES INC,MHO
MACQUARIE INFRASTRUCTURE,MIC
MIDDLEBY CORP,MIDD
MICHAELS COS INC/THE,MIK
MOBILE MINI INC,MINI
MITEK SYS INC,MITK
AG MORTGAGE INVT TR INC,MITT
MAJESCO,MJCO
MCCORMICK & CO INC,MKC
MARKEL CORP,MKL
MKS INSTRUMENTS INC,MKSI
MARKETAXESS HOLDINGS INC,MKTX
MESA LABS INC,MLAB
HERMAN MILLER INC,MLHR
MUELLER INDUSTRIES INC,MLI
MARTIN MARIETTA MTLS,MLM
MILLENDO THERAPEUTICS,MLND
MAUI LAND & PINEAPPLE CO,MLP
MILLER INDUSTRIES INC,MLR
MALVERN BANCORP INC,MLVF
MMA CAPITAL HOLDINGS INC,MMAC
MARSH & MCLENNAN COS,MMC
MARCUS & MILLICHAP,MMI
3M CO,MMM
MAXIMUS INC,MMS
MERIT MED SYSTEMS INC,MMSI
MALLINCKRODT PLC,MNK
MANNKIND CORP,MNKD
MENLO THERAPEUTICS INC,MNLO
MEDICINOVA INC,MNOV
MONMOUTH REAL ESTATE,MNR
BRIGHAM MINERALS,MNRL
MONRO INC,MNRO
MAINSTREET BANCSHARES,MNSB
MONSTER BEVERAGE CORP,MNST
MOMENTA PHARMACEUTICALS,MNTA
ALTRIA GROUP INC,MO
MOBILEIRON INC,MOBL
MODINE MANUFACTURING CO,MOD
MODEL N INC,MODN
MIDWESTONE FINL GROUP,MOFG
MOOG INC,MOG.A
MOLINA HEALTHCARE INC,MOH
MORNINGSTAR INC,MORN
MOSAIC COMPANY,MOS
MOVADO GROUP INC,MOV
MOTORCAR PTS AMERICA INC,MPAA
MID PENN BANCORP INC,MPB
MARATHON PETROLEUM CORP,MPC
MIDSTATES PETROLEUM CO,MPO
MEDICAL PROPERTIES TRUST,MPW
MONOLITHIC POWER SYSTEMS,MPWR
MARINE PRODUCTS CORP,MPX
MONTAGE RESOURCES CORP,MR
MRC GLOBAL INC,MRC
MERCURY SYSTEMS INC,MRCY
MERCK & CO INC,MRK
MARKER THERAPEUTICS INC,MRKR
MARLIN BUSINESS SVCS,MRLN
MODERNA,MRNA
MARINUS PHARMACEUTICALS,MRNS
MARATHON OIL CORP,MRO
MERSANA THERAPEUTICS,MRSN
MARTEN TRANS LTD,MRTN
MIRATI THERAPEUTICS INC,MRTX
MARVELL TECHNOLOGY GROUP,MRVL
MORGAN STANLEY,MS
MSA SAFETY INC,MSA
MIDLAND STATES BANCORP,MSBI
MSCI INC,MSCI
MIDDLESEX WATER CO,MSEX
MICROSOFT CORP,MSFT
MADISON SQUARE GARDEN CO,MSG
MSG NETWORKS INC,MSGN
MOTOROLA SOLUTIONS INC,MSI
MIDSOUTH BANCORP INC,MSL
MSC INDL DIRECT INC,MSM
MISONIX INC,MSON
MICROSTRATEGY INC,MSTR
M & T BANK CORP,MTB
MATCH GROUP INC,MTCH
METTLER TOLEDO INTL INC,MTD
MATADOR RES CO,MTDR
MOLECULAR TEMPLATES,MTEM
MGIC INVESTMENT CORP,MTG
MERITAGE HOMES CORP,MTH
VAIL RESORTS INC,MTN
MERITOR INC,MTOR
MATERION CORPORATION,MTRN
MATRIX SERVICE CO,MTRX
MTS SYSTEMS CORP,MTSC
MACOM TECH SOLUTIONS,MTSI
MANITOWOC CO INC,MTW
MINERALS TECHNOLOGIES,MTX
MASTEC INC,MTZ
MICRON TECHNOLOGY INC,MU
MURPHY OIL CORP,MUR
MURPHY USA INC,MUSA
MVB FINANCIAL CORP,MVBF
MUELLER WTR PRODS INC,MWA
MAXIM INTEGRATED PRODS,MXIM
MAXLINEAR INC,MXL
MYERS INDUSTRIES INC,MYE
MYRIAD GENETICS INC,MYGN
MYLAN NV,MYL
MYOKARDIA INC,MYOK
MYR GROUP INC,MYRG
NANOMETRICS INC,NANO
NORDIC AMERICAN TANKER,NAT
NATHANS FAMOUS INC,NATH
NATIONAL INSTRS CORP,NATI
NATURES SUNSHINE PRODS,NATR
NAVISTAR INTL CORP,NAV
NAVIENT CORPORATION,NAVI
NEW AGE BEVERAGES CORP,NBEV
NATIONAL BANK HOLDINGS,NBHC
NEUROCRINE BIOSCIENCES,NBIX
NOBLE ENERGY INC,NBL
NORTHEAST BANK,NBN
NABORS INDUSTRIES LTD,NBR
NBT BANCORP INC,NBTB
NACCO INDUSTRIES INC,NC
NICOLET BANKSHARES INC,NCBS
NAVIGANT CONSULTING INC,NCI
NORWEGIAN CRUISE LINE,NCLH
NATIONAL CINEMEDIA INC,NCMI
NCR CORP,NCR
NCS MULTISTAGE HOLD,NCSM
NASDAQ INC,NDAQ
NOODLES & COMPANY,NDLS
NORDSON CORP,NDSN
NOBLE CORPORATION PLC,NE
NEXTERA ENERGY INC,NEE
NEWMONT GOLDCORP CORP,NEM
NEOGENOMICS INC,NEO
NEOGEN CORP,NEOG
MINERVA NEUROSCIENCES,NERV
NATIONAL ENERGY SERVICES,NESR
NEWMARKET CORPORATION,NEU
NEW MEDIA INVT GROUP INC,NEWM
NEW RELIC INC,NEWR
NEXTDECADE,NEXT
NORTHFIELD BANCORP INC,NFBK
NATIONAL FUEL GAS CO,NFG
NETFLIX INC,NFLX
NOVAGOLD RESOURCES INC,NG
NATIONAL GEN HLDGS CORP,NGHC
NGM BIOPHARMACEUTICALS,NGM
NATURAL GAS SERVICES GRP,NGS
NATURAL GROCERS VITA CTG,NGVC
INGEVITY CORPORATION,NGVT
NATIONAL HEALTHCARE CORP,NHC
NATIONAL HEALTH INVS INC,NHI
NISOURCE INC,NI
NII HOLDINGS INC,NIHD
NINE ENERGY SERVICE INC,NINE
NEW JERSEY RESOURCES,NJR
NIKE INC,NKE
NATIONAL BANKSHARES INC,NKSH
NEKTAR THERAPEUTICS,NKTR
NL INDUSTRIES INC,NL
NIELSEN HOLDINGS PLC,NLSN
ANNALY CAPITAL MGMT INC,NLY
NMI HLDGS INC,NMIH
NEWMARK GROUP INC,NMRK
NN INC,NNBR
NELNET INC,NNI
NATIONAL RETAIL PPTYS,NNN
NORTHROP GRUMMAN CORP,NOC
NI HOLDINGS INC,NODK
NORTHERN OIL & GAS INC,NOG
NATIONAL OILWELL VARCO,NOV
NOVANTA INC,NOVT
SERVICENOW INC,NOW
NEENAH INC,NP
NATIONAL PRESTO INDS INC,NPK
ENPRO INDUSTRIES INC,NPO
NEOPHOTONICS CORP,NPTN
NEWPARK RESOURCES INC,NR
NATIONAL RESEARCH CORP,NRC
NRC GROUP HOLDINGS CORP,NRCG
NORTHSTAR REALTY EUROPE,NRE
NRG ENERGY INC,NRG
NORTHRIM BANCORP INC,NRIM
NEW RESIDENTIAL INVT,NRZ
NATIONAL STORAGE AFFIL,NSA
NORFOLK SOUTHERN CORP,NSC
INSIGHT ENTERPRISES INC,NSIT
INSPERITY INC,NSP
NAPCO SEC TECHNOLOGIES,NSSC
NANOSTRING TECH INC,NSTG
NETAPP INC,NTAP
BANK OF NT BUTTERFIELD,NTB
NETSCOUT SYSTEMS INC,NTCT
NEON THERAPEUTICS,NTGN
NETGEAR INC,NTGR
INTELLA THERAPEUTICS INC,NTLA
NUTANIX INC,NTNX
NATERA INC,NTRA
NORTHERN TRUST CORP,NTRS
NUANCE COMMUNICATIONS,NUAN
NUCOR CORP,NUE
NU SKIN ENTERPRISES,NUS
NUVASIVE INC,NUVA
NOVAVAX INC,NVAX
NOVOCURE LTD,NVCR
NVIDIA CORP,NVDA
NVE CORP,NVEC
NV5 GLOBAL INC,NVEE
NVR INC,NVR
NEVRO CORP,NVRO
NVENT ELECTRIC PLC,NVT
INVITAE CORPORATION,NVTA
NORTHWEST BANCSHARES INC,NWBI
NORTHWESTERN CORP,NWE
NORWOOD FINANCIAL CORP,NWFL
NEWELL BRANDS INC,NWL
NATIONAL WESTERN LIFE,NWLI
NORTHWEST NATURAL HLDG,NWN
NORTHWEST PIPE CO,NWPX
NEWS CORP CL B,NWS
NEWS CORP CL A,NWSA
QUANEX BUILDING PRODUCTS,NX
NEXTGEN HEALTHCARE INC,NXGN
NEXPOINT RESIDENTIAL TR,NXRT
NEXSTAR MEDIA GROUP INC,NXST
NEXTCURE,NXTC
NEW YORK CMNTY BANCORP,NYCB
NEW YORK MTG TR INC,NYMT
EMPIRE RESORTS INC,NYNY
NEW YORK TIMES CO,NYT
REALTY INCOME CORP,O
OASIS PETE INC,OAS
ORIGIN BANCORP,OBNK
OWENS CORNING,OC
OCEANFIRST FINANCIAL,OCFC
OCWEN FINANCIAL CORP,OCN
OCULAR THERAPEUTIX INC,OCUL
ONCOCYTE CORPORATION,OCX
OIL DRI CORP OF AMERICA,ODC
OLD DOMINION FREIGHT,ODFL
OFFICE DEPOT INC,ODP
ODONATE THERAPEUTICS INC,ODT
ORION ENGINEERED CARBONS,OEC
CORPORATE OFFICE PPTYS,OFC
OFG BANCORP,OFG
ORTHOFIX MEDICAL INC,OFIX
OMEGA FLEX INC,OFLX
OGE ENERGY CORP,OGE
ONE GAS INC,OGS
OMEGA HEALTHCARE INVS,OHI
OWENS ILLINOIS INC,OI
OCEANEERING INTL INC,OII
OIL STATES INTERNATIONAL,OIS
ONEOK INC,OKE
OKTA INC,OKTA
OLD LINE BANCSHARES INC,OLBK
UNIVERSAL DISPLAY CORP,OLED
OLLIES BARGAIN OUTLET,OLLI
OLIN CORP,OLN
ONE LIBERTY PROPERTIES,OLP
OMNICOM GROUP INC,OMC
OMNICELL INC,OMCL
OMEROS CORP,OMER
ONEMAIN HOLDINGS INC,OMF
OWENS & MINOR INC,OMI
OMNOVA SOLUTIONS INC,OMN
ON SEMICONDUCTOR CORP,ON
OLD NATIONAL BANCORP,ONB
SPARK THERAPEUTICS INC,ONCE
ON DECK CAPITAL INC,ONDK
OOMA INC,OOMA
OPUS BK IRVINE CALIF,OPB
OP BANCORP,OPBK
OFFICE PPTY INCOME TRUST,OPI
OPKO HEALTH INC,OPK
OPTIMIZERX CORP,OPRX
OPTINOSE INC,OPTN
OPPENHEIMER HOLDINGS INC,OPY
ORMAT TECHNOLOGIES INC,ORA
ORBCOMM INC,ORBC
ORCHID ISLAND CAPITAL,ORC
ORACLE CORP,ORCL
ORGANOGENESIS,ORGO
OLD REPUBLIC INTL CORP,ORI
ORITANI FINANCIAL CORP,ORIT
O REILLY AUTOMOTIVE INC,ORLY
ORRSTOWN FINL SVCS INC,ORRF
OLD SECOND BANCORP INC,OSBC
OVERSEAS SHIPHOLDING INC,OSG
OSI SYSTEMS INC,OSIS
OSHKOSH CORP,OSK
OSMOTICA PHARMACEUTICALS,OSMT
ONESPAN INC,OSPN
OVERSTOCK COM INC,OSTK
ORASURE TECHNOLOGIES INC,OSUR
ONESPAWORLD HOLDINGS,OSW
OTTER TAIL CORP,OTTR
OUTFRONT MEDIA INC,OUT
OHIO VY BANC CORP,OVBC
OAK VALLEY BANCORP,OVLY
OXFORD INDUSTRIES INC,OXM
OCCIDENTAL PETE CORP,OXY
BANK OZK,OZK
OCH-ZIFF CAPITAL MGMT,OZM
PACIFIC BIOSCIENCES CA,PACB
PACIFIC DRILLING LTD,PACD
PACWEST BANCORP,PACW
PENSKE AUTOMOTIVE GROUP,PAG
PHIBRO ANIMAL HEALTH,PAHC
PALO ALTO NETWORKS INC,PANW
PAR TECHNOLOGY CORP,PAR
PAR PACIFIC HOLDINGS INC,PARR
PATRICK INDS INC,PATK
PAYCOM SOFTWARE INC,PAYC
PAYSIGN INC,PAYS
PAYCHEX INC,PAYX
PROSPERITY BANCSHARES,PB
PEOPLES UNITED FINANCIAL,PBCT
PBF ENERGY INC,PBF
PRESTIGE CONSUMER HEALTH,PBH
PITNEY BOWES INC,PBI
PRUDENTIAL BANCORP INC,PBIP
POTBELLY CORPORATION,PBPB
PUMA BIOTECHNOLOGY INC,PBYI
PACCAR INC,PCAR
PACIFIC CITY FINANCIAL,PCB
PG&E CORP,PCG
POTLATCHDELTIC CORP,PCH
PCM INC,PCMI
PACIRA BIOSCIENCES,PCRX
PCSB FINANCIAL CORP,PCSB
PAYLOCITY HLDG CORP,PCTY
PURECYCLE CORP,PCYO
PAGERDUTY,PD
PDC ENERGY INC,PDCE
PATTERSON COS INC,PDCO
PDF SOLUTIONS INC,PDFS
PDL COMMUNITY BANCORP,PDLB
PDL BIOPHARMA INC,PDLI
PIEDMONT OFFICE RLTY TR,PDM
PARSLEY ENERGY INC,PE
PEBBLEBROOK HOTEL TRUST,PEB
PEOPLES BANCORP N C INC,PEBK
PEOPLES BANCORP INC,PEBO
PUBLIC SVC ENTERPRISE,PEG
PEGASYSTEMS INC,PEGA
PATTERN ENERGY GROUP INC,PEGI
PENNSYLVANIA REAL ESTATE,PEI
PENUMBRA INC,PEN
PENN NATIONAL GAMING INC,PENN
PEPSICO INC,PEP
PETIQ,PETQ
PETMED EXPRESS INC,PETS
ARATANA THERAPEUTICS INC,PETX
PREFERRED BANK,PFBC
PREMIER FINL BANCORP INC,PFBI
PFIZER INC,PFE
PRINCIPAL FINANCIAL GRP,PFG
PERFORMANCE FOOD GROUP,PFGC
PEOPLES FINL SVCS CORP,PFIS
PFENEX INC,PFNX
PROOFPOINT INC,PFPT
PROVIDENT FINANCIAL SVCS,PFS
PENNYMAC FINL SVCS INC,PFSI
PROCTER & GAMBLE CO,PG
PEAPACK-GLADSTONE FINL,PGC
PROGENICS PHARMACEUTICAL,PGNX
PROGRESSIVE CORP,PGR
PARAMOUNT GROUP INC,PGRE
PGT INNOVATIONS INC,PGTI
PARKER HANNIFIN CORP,PH
PHASEBIO PHARMACEUTICALS,PHAS
PULTEGROUP INC,PHM
PHUNWARE INC,PHUN
PANHANDLE OIL AND GAS,PHX
IMPINJ INC,PI
PICO HOLDINGS INC,PICO
POLARIS INDUSTRIES INC,PII
PREMIER INC,PINC
PIERIS PHARMACEUTICALS,PIRS
PIPER JAFFRAY COMPANIES,PJC
PJT PARTNERS INC,PJT
PARK HOTELS & RESORTS,PK
PARKE BANCORP INC,PKBK
PARKER DRILLING ORD,PKD
PARK ELECTROCHEMICAL,PKE
PACKAGING CORP OF AMER,PKG
PERKINELMER INC,PKI
PARK OHIO HOLDINGS CORP,PKOH
PHOTRONICS INC,PLAB
ANAPLAN,PLAN
DAVE & BUSTERS ENTMT INC,PLAY
CHILDRENS PLACE INC,PLCE
PROLOGIS INC,PLD
PALOMAR HOLDINGS,PLMR
PLANET FITNESS INC,PLNT
DOUGLAS DYNAMICS INC,PLOW
PREFORMED LINE PRODUCTS,PLPC
PULSE BIOSCIENCES INC,PLSE
PLANTRONICS INC,PLT
PLUG POWER INC,PLUG
EPLUS INC,PLUS
PLEXUS CORP,PLXS
PHILIP MORRIS INTL,PM
PACIFIC MERCANTILE BANCO,PMBC
PENNYMAC MORTGAGE INV,PMT
PNC FINANCIAL SVCS GROUP,PNC
PINNACLE FINANCIAL,PNFP
PNM RESOURCES INC,PNM
PENTAIR PLC,PNR
PRIMEENERGY RESOURCES,PNRG
PINNACLE WEST CAPITAL CO,PNW
INSULET CORP,PODD
POLYONE CORP,POL
POOL CORP,POOL
PORTLAND GEN ELEC CO,POR
POST HOLDINGS INC,POST
POWER INTEGRATIONS INC,POWI
POWELL INDUSTRIES INC,POWL
PACIFIC PREMIER BANCORP,PPBI
PILGRIMS PRIDE CORP,PPC
PPG INDUSTRIES INC,PPG
PPL CORP,PPL
PQ GROUP HOLDINGS INC,PQG
PROASSURANCE CORP,PRA
PRA GROUP INC,PRAA
PRA HEALTH SCIENCES INC,PRAH
PERFICIENT INC,PRFT
PERRIGO CO PLC,PRGO
PROGRESS SOFTWARE CORP,PRGS
PRGX GLOBAL INC,PRGX
PRIMERICA INC,PRI
PRIMORIS SVCS CORP,PRIM
PARK NATIONAL CORP,PRK
PROTO LABS INC,PRLB
PRIMO WTR CORP,PRMW
PRINCIPIA BIOPHARMA,PRNB
PROS HOLDINGS INC,PRO
PROVIDENT FINL HLDGS INC,PROV
PURPLE INNOVATION INC,PRPL
PROVIDENCE SERVICE CORP,PRSC
PERSPECTA,PRSP
PROTHENA CORP PLC,PRTA
PRIORITY TECHNOLOGY,PRTH
PARATEK PHARMACEUTICALS,PRTK
PARTY CITY HOLDCO INC,PRTY
PRUDENTIAL FINANCIAL INC,PRU
PLURALSIGHT INC,PS
PUBLIC STORAGE INC,PSA
PS BUSINESS PARKS INC,PSB
PRESIDIO INC,PSDO
PRICESMART INC,PSMT
PARSONS,PSN
PURE STORAGE INC,PSTG
PHILLIPS 66,PSX
PTC INC,PTC
PTC THERAPEUTICS INC,PTCT
POLARITYTE INC,PTE
PATTERSON UTI ENERGY,PTEN
PROTAGONIST THERAPEUTICS,PTGX
PORTOLA PHARMACEUTICALS,PTLA
PALATIN TECHNOLOGIES INC,PTN
P A M TRANSN SVCS INC,PTSI
PROTECTIVE INSURANCE (B),PTVCB
PEOPLES UTAH BANCORP,PUB
PROPETRO HOLDING CO,PUMP
PENN VIRGINIA CORP,PVAC
PROVIDENT BANCORP INC,PVBC
PVH CORP,PVH
PENNS WOODS BANCORP INC,PWOD
QUANTA SERVICES INC,PWR
PIONEER NAT RESOURCES CO,PXD
PAYPAL HOLDINGS INC,PYPL
PYXUS INTERNATIONAL INC,PYX
PZENA INVESTMENT MGMT,PZN
PAPA JOHNS INTERNATIONAL,PZZA
QAD INC,QADA
QUALCOMM INC,QCOM
QCR HOLDINGS INC,QCRH
QUIDEL CORP,QDEL
QEP RESOURCES INC,QEP
QIAGEN NV,QGEN
QUALYS INC,QLYS
QUINSTREET INC,QNST
QURATE RETAIL INC,QRTEA
QORVO INC,QRVO
QUANTERIX CORPORATION,QTRX
QTS REALTY TRUST INC,QTS
Q2 HLDGS INC,QTWO
QUAD / GRAPHICS INC,QUAD
QUOTIENT TECHNOLOGY INC,QUOT
RYDER SYSTEM INC,R
RITE AID CORP,RAD
LIVERAMP HOLDINGS INC,RAMP
ULTRAGENYX PHARMA,RARE
RA PHARMACEUTICALS INC,RARX
RAVEN INDUSTRIES INC,RAVN
RBB BANCORP,RBB
RIBBON COMMUNICATIONS,RBBN
REGAL BELOIT CORP,RBC
REPUBLIC BANCORP INC KY,RBCAA
RELIANT BANCORP INC,RBNC
READY CAPITAL CORP,RC
RENT A CENTER INC,RCII
ROCKET PHARMACEUTICALS,RCKT
ROCKY BRANDS INC,RCKY
ROYAL CARIBBEAN CRUISES,RCL
R1 RCM INC,RCM
ARCUS BIOSCIENCES,RCUS
REDFIN CORP,RDFN
READING INTERNATIONAL,RDI
RADIAN GROUP INC,RDN
RADNET INC,RDNT
RADIUS HEALTH INC,RDUS
EVEREST RE GROUP LTD,RE
RESOURCES CONNECTION,RECN
REGENCY CENTERS CORP,REG
RENEWABLE ENER GROUP INC,REGI
REGENERON PHARMACEUTICAL,REGN
RING ENERGY INC,REI
RECRO PHARMA INC,REPH
REPLIMUNE GROUP INC,REPL
RPC INC,RES
FRONT YARD RESIDENTIAL,RESI
REATE PHARMACEUTICALS,RETA
REVLON INC,REV
REV GROUP INC,REVG
REX AMERICAN RESOURCES,REX
REXFORD INDUSTRIAL RLTY,REXR
RESIDEO TECHNOLOGIES,REZI
REGIONS FINANCIAL CORP,RF
RAFAEL HOLDINGS,RFL
REINSURANCE GRP OF AMER,RGA
RGC RES INC,RGCO
REPLIGEN CORP,RGEN
ROYAL GOLD INC,RGLD
REGENXBIO INC,RGNX
STURM RUGER & CO INC,RGR
REGIS CORP,RGS
RH,RH
ROBERT HALF INTL INC,RHI
RYMAN HOSPITALITY PPTYS,RHP
RED HAT INC,RHT
RCI HOSPITALITY HLDGS,RICK
TRANSOCEAN LTD,RIG
RIGEL PHARMACEUTICALS,RIGL
B. RILEY FINANCIAL INC,RILY
RAYMOND JAMES FINANCIAL,RJF
RALPH LAUREN CORP,RL
RADIANT LOGISTICS INC,RLGT
REALOGY HOLDINGS CORP,RLGY
RED LION HOTELS CORP,RLH
RLI CORP,RLI
RLJ LODGING TR,RLJ
REGIONAL MGMT CORP,RM
RE/MAX HOLDINGS INC,RMAX
RAMBUS INC,RMBS
RESMED INC,RMD
RIMINI STREET INC,RMNI
RMR GROUP INC,RMR
ROCKWELL MEDICAL INC,RMTI
RIGNET INC,RNET
RINGCENTRAL INC,RNG
RENAISSANCERE HOLDINGS,RNR
RENASANT CORP,RNST
CONSTRUCTION PARTNERS,ROAD
ROAN RESOURCES,ROAN
GIBRALTAR INDUSTRIES INC,ROCK
ROGERS CORP,ROG
RETAIL OPPORTUNITY INVTS,ROIC
ROCKWELL AUTOMATION INC,ROK
ROKU INC,ROKU
ROLLINS INC,ROL
RBC BEARINGS INC,ROLL
ROPER TECHNOLOGIES INC,ROP
ROSEHILL RESOURCES INC,ROSE
ROSS STORES INC,ROST
REALPAGE INC,RP
RETAIL PPTYS AMER INC,RPAI
RAPID7 INC,RPD
RPM INTERNATIONAL INC,RPM
RPT REALTY,RPT
RED RIVER BANCSHARES,RRBI
RANGE RESOURCES CORP,RRC
DONNELLEY R R & SONS CO,RRD
RED ROBIN GOURMET BURGER,RRGB
RED ROCKS RESORTS INC,RRR
ROADRUNNER TRNSN SVCS,RRTS
RELIANCE STEEL & ALUM,RS
REPUBLIC SERVICES INC,RSG
ROSETTA STONE INC,RST
RUDOLPH TECHNOLOGIES INC,RTEC
RTI SURGICAL HOLDINGS,RTIX
RAYTHEON CO,RTN
RETROPHIN INC,RTRX
RTW RETAILWINDS INC,RTW
RUBICON PROJ INC,RUBI
RUBIUS THERAPEUTICS,RUBY
SUNRUN INC,RUN
RUSH ENTERPRISES INC,RUSHA
RUSH ENTERPRISES INC,RUSHB
RUTH'S HOSPITALITY GROUP,RUTH
RETAIL VALUE INC,RVI
REVANCE THERAPEUTICS INC,RVNC
RIVERVIEW BANCORP INC,RVSB
REDWOOD TRUST INC,RWT
REXNORD CORP,RXN
RAYONIER ADV MATERIALS,RYAM
RYERSON HOLDING CORP,RYI
RAYONIER INC,RYN
RHYTHM PHARMACEUTICALS,RYTM
SPRINT CORP,S
SABRE CORP,SABR
SAFEHOLD INC,SAFE
SANDERSON FARMS INC,SAFM
SAFETY INSURANCE GRP INC,SAFT
SAGE THERAPEUTICS INC,SAGE
SONIC AUTOMOTIVE INC,SAH
SAIA INC,SAIA
SCIENCE APPLICATIONS INT,SAIC
SAILPOINT TECHNOLOGIES,SAIL
SCORPIO BULKERS INC,SALT
BOSTON BEER INC,SAM
SILVERCREST ASSET MNGMT,SAMG
SANMINA CORPORATION,SANM
SANDY SPRING BANCORP,SASR
ECHOSTAR CORP,SATS
SPIRIT AIRLS INC,SAVE
SAFE BULKERS INC,SB
SBA COMMUNICATIONS CORP,SBAC
STRONGBRIDGE BIOPHARMA,SBBP
SB ONE BANCORP,SBBX
SEACOAST BANKING CORP FL,SBCF
SINCLAIR BROADCAST GROUP,SBGI
SALLY BEAUTY HOLDINGS,SBH
SIGNATURE BANK,SBNY
SILVERBOW RESOURCES,SBOW
SABRA HEALTH CARE REIT,SBRA
SOUTHSIDE BANCSHARES INC,SBSI
STERLING BANCORP INC,SBT
STARBUCKS CORP,SBUX
SANTANDER CNSMR USA HLDG,SC
SOUTHERN COPPER CORP,SCCO
SCHOLASTIC CORP,SCHL
SCHNITZER STEEL INDS,SCHN
SCHWAB CHARLES CORP,SCHW
SERVICE CORP INTL,SCI
STEPAN CO,SCL
COMSCORE INC,SCOR
STEELCASE INC,SCS
SCANSOURCE INC,SCSC
SHOE CARNIVAL INC,SCVL
SECUREWORKS CORP,SCWX
SANDRIDGE ENERGY INC,SD
SEADRILL LIMITED,SDRL
SEAWORLD ENTMT INC,SEAS
SEABOARD CORP,SEB
SEALED AIR CORP,SEE
SEI INVESTMENTS CO,SEIC
SELECT MEDICAL HOLDINGS,SEM
SEMGROUP CORP,SEMG
SENECA FOODS CORP,SENEA
SENSEONICS HOLDINGS INC,SENS
SERVICEMASTER GLOBAL,SERV
STIFEL FINANCIAL CORP,SF
SERVISFIRST BANCSHARES,SFBS
SAFEGUARD SCIENTIFICS,SFE
STITCH FIX CLASS A,SFIX
SHIP FINANCE INTL,SFL
SHUTTERFLY INC,SFLY
SPROUTS FRMRS MKT INC,SFM
SIMMONS FIRST NATIONAL,SFNC
SOUTHERN FIRST BANCSHARE,SFST
SAGA COMMUNICATIONS INC,SGA
SUPERIOR GROUP OF CO,SGC
SEATTLE GENETICS INC,SGEN
SMART GLOBAL HOLDINGS,SGH
SANGAMO THERAPEUTICS INC,SGMO
SCIENTIFIC GAMES CORP,SGMS
SURGERY PARTNERS INC,SGRY
SHAKE SHACK INC,SHAK
SHORE BANCSHARES INC,SHBI
SHENANDOAH TELECOMM CO,SHEN
SUNSTONE HOTEL INVS INC,SHO
MADDEN STEVEN LTD,SHOO
SHARPSPRING INC,SHSP
SHERWIN WILLIAMS CO,SHW
SI-BONE,SIBN
SELECT INTERIOR CONCEPTS,SIC
SIEBERT FINANCIAL CORP,SIEB
SIENTRA INC,SIEN
SIGNET JEWELERS LTD,SIG
SIGA TECHNOLOGIES INC,SIGA
SELECTIVE INSURANCE GRP,SIGI
SILK ROAD MEDICAL,SILK
SIRIUS XM HOLDINGS INC,SIRI
SITE CENTERS CORPORATION,SITC
SITEONE LANDSCAPE SUPPLY,SITE
SVB FINANCIAL GROUP,SIVB
SIX FLAGS ENTMT CORP,SIX
SOUTH JERSEY INDUSTRIES,SJI
SMUCKER J M CO,SJM
SJW GROUP,SJW
TANGER FACTORY OUTLET,SKT
SKECHERS USA INC,SKX
SKYLINE CHAMPION CORP,SKY
SKYWEST INC,SKYW
SILICON LABORATORIES INC,SLAB
SCHLUMBERGER LTD,SLB
U S SILICA HLDGS INC,SLCA
SELECT BANCORP INC,SLCT
SOLID BIOSCIENCES INC,SLDB
SL GREEN REALTY CORP,SLG
SILGAN HOLDINGS INC,SLGN
SLM CORP,SLM
SIMULATIONS PLUS INC,SLP
SM ENERGY CO,SM
SMARTSHEET,SMAR
SOUTHERN MO BANCORP INC,SMBC
SMARTFINANCIAL INC,SMBK
SCOTTS MIRACLE-GRO CO,SMG
SEACOR MARINE HOLDINGS,SMHI
SUMMIT FINANCIAL GROUP,SMMF
STANDARD MOTOR PRODUCTS,SMP
SIMPLY GOOD FOODS,SMPL
SPIRIT MTA REIT,SMTA
SEMTECH CORP,SMTC
SNAP ON INC,SNA
SLEEP NUMBER CORPORATION,SNBR
SYNCHRONOSS TECHNOLOGY,SNCR
SMART SAND INC,SND
SCHNEIDER NATIONAL INC,SNDR
SYNDAX PHARMACEUTICALS,SNDX
SENIOR HOUSING PPTYS TR,SNH
SYNOPSYS INC,SNPS
NEW SR INVT GROUP INC,SNR
SYNOVUS FINANCIAL CORP,SNV
SYNNEX CORP,SNX
SOUTHERN CO,SO
SOLARIS OILFIELD,SOI
SOLITON INC,SOLY
SONOCO PRODUCTS CO,SON
SOUTHERN NATL BANCORP,SONA
SONIM TECHNOLOGIES,SONM
SONOS INC,SONO
SP PLUS CORPORATION,SP
SPARTAN MOTORS INC,SPAR
SPECTRUM BRANDS HOLDINGS,SPB
SOUTH PLAINS FINANCIAL,SPFI
SIMON PROPERTY GROUP INC,SPG
S&P GLOBAL INC,SPGI
SPARK ENERGY INC,SPKE
SPLUNK INC,SPLK
SUPERIOR ENERGY SERVICES,SPN
SEASPINE HOLDINGS CORP,SPNE
SPOK HOLDINGS INC,SPOK
SPOTIFY TECHNOLOGY SA,SPOT
SPECTRUM PHARMACEUTICALS,SPPI
SPIRIT AEROSYSTEMS,SPR
SPERO THERAPEUTICS INC,SPRO
SPS COMM INC,SPSC
SPARTANNASH COMPANY,SPTN
SPORTSMANS WHSE HLDGS,SPWH
SUNPOWER CORP,SPWR
SPX CORP,SPXC
SQUARE INC,SQ
SPIRE INC,SR
SPIRIT RLTY CAP INC,SRC
1ST SOURCE CORP,SRCE
SRC ENERGY INC,SRCI
STERICYCLE INC,SRCL
SURMODICS INC,SRDX
SEMPRA ENERGY,SRE
SERITAGE GROWTH PROP,SRG
STONERIDGE INC,SRI
SORRENTO THERAPEUTICS,SRNE
SAREPTA THERAPEUTICS INC,SRPT
SCHOLAR ROCK HOLDING,SRRK
STARTEK INC,SRT
SOUTH STATE CORPORATION,SSB
SIMPSON MANUFACTURING,SSD
SS&C TECHNOLOGIES HLDGS,SSNC
SCRIPPS E W CO,SSP
SHOTSPOTTER,SSTI
SHUTTERSTOCK INC,SSTK
STRATASYS LTD,SSYS
SENSATA TECHNOLOGIES,ST
STAAR SURGICAL CO,STAA
STAG INDL INC,STAG
ISTAR INC,STAR
EXTENDED STAY AMERICA,STAY
S & T BANCORP INC,STBA
STEWART INFORMATION,STC
STERIS PLC,STE
STATE AUTO FINANCIAL,STFC
SUNTRUST BANKS INC,STI
NEURONETICS INC,STIM
STERLING BANCORP,STL
STEEL DYNAMICS INC,STLD
STEMLINE THERAPEUTICS,STML
STAMPS COM INC,STMP
SCORPIO TANKERS INC,STNG
STORE CAPITAL CORP,STOR
STRATEGIC EDUCATION INC,STRA
STERLING CONSTRUCTION CO,STRL
SUTRO BIOPHARMA,STRO
STRATUS PPTYS INC,STRS
STATE STREET CORP,STT
STARWOOD PPTY TRUST INC,STWD
SPIRIT OF TEXAS BNCSHRES,STXB
CONSTELLATION BRANDS,STZ
SUN COMMUNITIES INC,SUI
SUMMIT MATLS INC,SUM
SUPERNUS PHARMACEUTICALS,SUPN
SVMK,SVMK
SAVARA INC,SVRA
SHOCKWAVE MEDICAL,SWAV
SWITCH INC,SWCH
SOLARWINDS,SWI
STANLEY BLACK & DECKER,SWK
SKYWORKS SOLUTIONS INC,SWKS
SCHWEITZER-MAUDUIT INTL,SWM
SOUTHWESTERN ENERGY CO,SWN
SOUTHWEST GAS HOLDINGS,SWX
SUNCOKE ENERGY INC,SXC
STANDEX INTERNATIONAL,SXI
SENSIENT TECHNOLOGIES,SXT
STOCK YARDS BANCORP INC,SYBT
SYNLOGIC INC,SYBX
SYNCHRONY FINANCIAL,SYF
STRYKER CORP,SYK
SYKES ENTERPRISES INC,SYKE
SYMANTEC CORP,SYMC
SYNAPTICS INC,SYNA
SYNEOS HEALTH INC,SYNH
SYNALLOY CORP,SYNL
SYROS PHARMACEUTICALS,SYRS
SYSTEMAX INC,SYX
SYSCO CORP,SYY
AT&T INC,T
DEL TACO RESTAURANTS INC,TACO
TALOS ENERGY INC,TALO
MOLSON COORS BREWING CO,TAP
CARROLS RESTAURANT GRP,TAST
BANCORP INC,TBBK
TRUEBLUE INC,TBI
TRANSLATE BIO INC,TBIO
TRIUMPH BANCORP INC,TBK
TERRITORIAL BANCORP INC,TBNK
THERAVANCE BIOPHARMA INC,TBPH
TEXAS CAPITAL BANCSHARES,TCBI
TRICO BANCSHARES,TCBK
TRICIDA INC,TCDA
TCF FINANCIAL CORP,TCF
COMMUNITY FINL CORP MD,TCFC
TRANSCONTINENTAL REALTY,TCI
TACTILE SYSTEMS TECH,TCMD
TAUBMAN CENTERS INC,TCO
TCR2 THERAPEUTICS,TCRR
THE CONTAINER STORE GRP,TCS
TUCOWS INC,TCX
TERADATA CORP,TDC
TRANSDIGM GROUP INC,TDG
TELADOC HEALTH INC,TDOC
TELEPHONE & DATA SYSTEMS,TDS
TIDEWATER INC,TDW
TELEDYNE TECHNOLOGIES,TDY
ATLASSIAN CORP PLC,TEAM
TECH DATA CORP,TECD
BIO-TECHNE CORP,TECH
TELLURIAN INC,TELL
TENNECO INC,TEN
TENABLE HOLDINGS,TENB
TERADYNE INC,TER
TERRAFORM POWER INC,TERP
TESSCO TECHNOLOGIES INC,TESS
PARETEUM,TEUM
TEREX CORP,TEX
TFS FINL CORP,TFSL
TELEFLEX INC,TFX
TREDEGAR CORP,TG
TEXTAINER GROUP HLDGS,TGH
TRIUMPH GROUP INC,TGI
TEGNA INC,TGNA
TARGET CORP,TGT
TG THERAPEUTICS INC,TGTX
TARGET HOSPITALITY (A),TH
TENET HEALTHCARE CORP,THC
FIRST FINANCIAL CORP,THFF
HANOVER INSURANCE GROUP,THG
THOR INDUSTRIES INC,THO
SYNTHORX,THOR
THERMON GROUP HLDGS INC,THR
GENTHERM INC,THRM
TREEHOUSE FOODS INC,THS
TIFFANY & CO,TIF
INTERFACE INC,TILE
TIPTREE INC,TIPT
TEAM INC,TISI
TITAN MACHINERY INC,TITN
TIVO CORPORATION,TIVO
TJX COMPANIES INC,TJX
TEEKAY CORP,TK
TIMKEN CO,TKR
TELARIA INC,TLRA
TAILORED BRANDS INC,TLRD
TILLYS INC,TLYS
TRANSMEDICS GROUP,TMDX
TAYLOR MORRISON HOME II,TMHC
TORCHMARK CORP,TMK
THERMO FISHER SCIENTIFIC,TMO
TOMPKINS FINANCIAL CORP,TMP
TIMKENSTEEL CORPORATION,TMST
T-MOBILE US INC,TMUS
TELENAV INC,TNAV
TENNANT CO,TNC
TANDEM DIABETES CARE INC,TNDM
TRINET GROUP INC,TNET
TEEKAY TANKERS LTD,TNK
TOCAGEN INC,TOCA
TOLL BROTHERS INC,TOL
RESTORBIO INC,TORC
TOWNEBANK PORTSMOUTH VA,TOWN
TOWER INTERNATIONAL INC,TOWR
TURNING POINT BRANDS INC,TPB
TUTOR PERINI CORP,TPC
TRIBUNE PUBLISHING CO,TPCO
TRI POINTE GROUP INC,TPH
TPI COMPOSITES INC,TPIC
TAPESTRY INC,TPR
THIRD POINT REINSURANCE,TPRE
TURNING PT THERAPEUTICS,TPTX
TEMPUR SEALY INTL INC,TPX
TOOTSIE ROLL INDUSTRIES,TR
TEJON RANCH CO,TRC
TRIBUNE MEDIA CO,TRCO
TRECORA RESOURCES,TREC
LENDINGTREE INC,TREE
TREX INC,TREX
TARGA RESOURCES INC,TRGP
TABULA RASA HEALTHCARE,TRHC
TRIPADVISOR INC,TRIP
SPEEDWAY MOTORSPORTS INC,TRK
TRIMBLE INC,TRMB
TRUSTMARK CORP,TRMK
TRINITY INDUSTRIES INC,TRN
TERRENO REALTY CORP,TRNO
TRANSCAT INC,TRNS
PRICE T ROWE GROUP INC,TROW
TRONOX HOLDINGS PLC,TROX
TRIMAS CORP,TRS
TRUSTCO BANK CORP NY,TRST
TRITON INTERNATIONAL LTD,TRTN
TPG RE FINANCE TRUST,TRTX
TRANSUNION,TRU
TRUECAR INC,TRUE
TRUPANION INC,TRUP
TRAVELERS COS INC,TRV
TWIN RIVER WORLDWIDE,TRWH
TRANSENTERIX INC,TRXC
TIMBERLAND BANCORP INC,TSBK
TRISTATE CAP HLDGS INC,TSC
TRACTOR SUPPLY CO,TSCO
TRINSEO SA,TSE
TESLA INC,TSLA
TYSON FOODS INC,TSN
TOTAL SYSTEM SERVICES,TSS
TORO CO,TTC
THE TRADE DESK INC,TTD
TTEC HOLDINGS INC,TTEC
TETRA TECH INC,TTEK
TECHTARGET INC,TTGT
TETRA TECHNOLOGIES INC,TTI
TTM TECHNOLOGIES INC,TTMI
TILE SHOP HLDGS INC,TTS
TAKE-TWO INTERACTIVE,TTWO
TUPPERWARE BRANDS CORP,TUP
MAMMOTH ENERGY SERVICES,TUSK
TIVITY HEALTH INC,TVTY
TITAN INTERNATIONAL INC,TWI
TWIN DISC INC,TWIN
TWILIO INC,TWLO
HOSTESS BRANDS INC,TWNK
TWO HBRS INVT CORP,TWO
2U INC,TWOU
TWIST BIOSCIENCE,TWST
TWITTER INC,TWTR
THERAPEUTICSMD INC,TXMD
TEXAS INSTRUMENTS INC,TXN
TEXAS ROADHOUSE INC,TXRH
TEXTRON INC,TXT
TYLER TECHNOLOGIES INC,TYL
TYME,TYME
MONOTYPE IMAGING HLDG,TYPE
TRAVELZOO,TZOO
UNDER ARMOUR CLASS C,UA
UNDER ARMOUR CLASS A,UAA
UNITED AIRLINES HOLDINGS,UAL
URSTADT BIDDLE PPTYS INS,UBA
UBER TECHNOLOGIES,UBER
UNITED SECURITY BANC,UBFO
UNITED FINANCIAL BANCORP,UBNK
UBIQUITI NETWORKS INC,UBNT
UNITED BANKSHARES INC,UBSI
UNITY BIOTECHNOLOGY,UBX
UNITED COMMUNITY BANKS,UCBI
UNITED CMNTY FINL CO,UCFC
ULTRA CLEAN HOLDINGS INC,UCTT
UDR INC,UDR
URBAN EDGE PROPERTIES,UE
URANIUM ENERGY CORP,UEC
UNIVERSAL ELECTRONICS,UEIC
UNITED FIRE GROUP INC,UFCS
UNIFI INC,UFI
UNIVERSAL FOREST PRODS,UFPI
UFP TECHNOLOGIES INC,UFPT
DOMTAR CORPORATION,UFS
UGI CORP,UGI
AMERCO,UHAL
UNIVERSAL HEALTH SVCS,UHS
UNIVERSAL HEALTH REALTY,UHT
UNITED INS HLDGS CORP,UIHC
UNISYS CORP,UIS
UNIVERSAL LOGISTICS HLDG,ULH
ULTA BEAUTY INC,ULTA
UMB FINANCIAL CORP,UMBF
UMH PROPERTIES INC,UMH
UMPQUA HOLDINGS CORP,UMPQ
UNION BANKSHARES INC,UNB
UNIFIRST CORP MASS,UNF
UNITED NATURAL FOODS INC,UNFI
UNITEDHEALTH GROUP INC,UNH
UNITI GROUP INC,UNIT
UNUM GROUP,UNM
UNION PACIFIC CORP,UNP
UNIT CORP,UNT
UNITY BANCORP INC,UNTY
UNIVAR INC,UNVR
UPLAND SOFTWARE INC,UPLD
UNITED PARCEL SERVICE,UPS
UPWORK,UPWK
URBAN OUTFITTERS INC,URBN
UROGEN PHARMA,URGN
UNITED RENTALS INC,URI
USA TECHNOLOGIES INC,USAT
US BANCORP,USB
U S CONCRETE INC,USCR
US FOODS HOLDING CORP,USFD
UNITED STATES LIME & MIN,USLM
UNITED STATES CELLULAR,USM
USANA HEALTH SCIENCES,USNA
U S PHYSICAL THERAPY INC,USPH
U.S. WELL SERVICES,USWS
US XPRESS ENTERPRISES,USX
UNITED THERAPEUTICS,UTHR
UNITIL CORP,UTL
UTAH MED PRODS INC,UTMD
UNITED TECHNOLOGIES,UTX
ENERGY FUELS INC,UUUU
UNIVERSAL INSURANCE,UVE
UNIVEST FINANCIAL CORPOR,UVSP
UNIVERSAL CORP,UVV
VISA INC,V
MARRIOTT VAC WORLD CORP,VAC
VALUE LINE INC,VALU
VAPOTHERM,VAPO
VARIAN MEDICAL SYSTEMS,VAR
VBI VACCINES INC,VBIV
VERITEX HOLDINGS,VBTX
VISTEON CORP,VC
VERICEL CORP,VCEL
VOCERA COMMUNICATIONS,VCRA
VERACYTE INC,VCYT
VECTRUS INC,VEC
VEECO INSTRUMENTS INC,VECO
VEEVA SYSTEMS INC,VEEV
VEREIT INC,VER
V F CORP,VFC
VONAGE HLDGS CORP,VG
VECTOR GROUP LTD,VGR
VIRNETX HOLDING CORP,VHC
VALHI INC,VHI
VIACOM INC CL A,VIA
VIACOM INC CL B,VIAB
VIAVI SOLUTIONS INC,VIAV
VICI PROPERTIES INC,VICI
VICOR CORP,VICR
VIRTU FINL INC,VIRT
MERIDIAN BIOSCIENCE INC,VIVO
VIKING THERAPEUTICS INC,VKTX
VILLAGE SUPER MARKET INC,VLGEA
VALERO ENERGY CORP,VLO
VALLEY NATIONAL BANCORP,VLY
VULCAN MATERIALS CO,VMC
VALMONT INDUSTRIES INC,VMI
VMWARE INC,VMW
VINCE HOLDING CORP,VNCE
VANDA PHARMACEUTICALS,VNDA
VORNADO REALTY TRUST,VNO
VOYA FINANCIAL INC,VOYA
VISHAY PRECISION GROUP,VPG
VERA BRADLEY INC,VRA
VIEWRAY INC,VRAY
VERRICA PHARMACEUTICALS,VRCA
VAREX IMAGING,VREX
VARONIS SYSTEMS INC,VRNS
VERINT SYS INC,VRNT
VERRA MOBILITY CORP,VRRM
VERSO CORPORATION,VRS
VERISK ANALYTICS INC,VRSK
VERISIGN INC,VRSN
VIRTUS INVESTMENT PTNRS,VRTS
VIRTUSA CORP,VRTU
VERITIV CORPORATION,VRTV
VERTEX PHARMACEUTICALS,VRTX
VIASAT INC,VSAT
VSE CORP,VSEC
VISHAY INTERTECHNOLOGY,VSH
VIVINT SOLAR INC,VSLR
VERSUM MATERIALS,VSM
VISTRA ENERGY CORP,VST
VISTA OUTDOOR INC,VSTO
VENTAS INC,VTR
VIAD CORP,VVI
VALVOLINE INC,VVV
VOYAGER THERAPEUTICS INC,VYGR
VERIZON COMMUNICATIONS,VZ
WAYFAIR INC,W
AQUAVENTURE HOLDINGS LTD,WAAS
WABTEC CORP,WAB
WESTAMERICA BANCORP,WABC
WASHINGTON FED INC,WAFD
WAGEWORKS INC,WAGE
WESCO AIRCRAFT HLDGS INC,WAIR
WESTERN ALLIANCE BANCORP,WAL
WASHINGTON TRUST BANCORP,WASH
WATERS CORP,WAT
ENERGOUS CORP,WATT
WALGREENS BOOTS ALLIANCE,WBA
WABCO HOLDINGS INC,WBC
WEBSTER FINANCIAL CORP,WBS
WELBILT,WBT
WESCO INTERNATIONAL INC,WCC
WELLCARE HEALTH PLANS,WCG
WALKER & DUNLOP INC,WD
WORKDAY INC,WDAY
WESTERN DIGITAL CORP,WDC
WD-40 CO,WDFC
WADDELL & REED FINANCIAL,WDR
WEC ENERGY GROUP INC,WEC
WELLTOWER INC,WELL
THE WENDY'S COMPANY,WEN
WERNER ENTERPRISES INC,WERN
WISDOMTREE INVTS INC,WETF
WEX INC,WEX
WEYCO GROUP INC,WEYS
WELLS FARGO & CO,WFC
WINNEBAGO INDUSTRIES INC,WGO
WYNDHAM HOTELS & RESORTS,WH
CACTUS INC,WHD
WESTWOOD HOLDINGS GROUP,WHG
WHIRLPOOL CORP,WHR
BOINGO WIRELESS INC,WIFI
WINMARK CORP,WINA
WINGSTOP INC,WING
ENCORE WIRE CORP,WIRE
WORKIVA INC,WK
WILLDAN GROUP INC,WLDN
WILLIS LEASE FINANCE,WLFC
WILLIAM LYON HOMES,WLH
WESTLAKE CHEMICAL CORP,WLK
WHITING PETROLEUM CORP,WLL
WILLIS TOWERS WATSON PLC,WLTW
WASTE MGMT INC,WM
WILLIAMS COMPANIES INC,WMB
WESTERN ASSET MTG CAP,WMC
WRIGHT MEDICAL GROUP N V,WMGI
WEIS MARKETS INC,WMK
ADVANCED DRAINAGE SYSTEM,WMS
WALMART INC,WMT
WABASH NATIONAL CORP,WNC
WESTERN NEW ENGLAND,WNEB
WORTHINGTON INDUSTRIES,WOR
WIDEOPENWEST,WOW
WORLDPAY INC,WP
W P CAREY INC,WPC
WASHINGTON PRIME GROUP,WPG
WPX ENERGY INC,WPX
BERKLEY W R CORP,WRB
WASHINGTON REAL ESTATE,WRE
WEINGARTEN RLTY INVS,WRI
WESTROCK CO,WRK
WORLD ACCEPTANCE CORP,WRLD
WRAP TECHNOLOGIES,WRTC
WESBANCO INC,WSBC
WATERSTONE FINANCIAL INC,WSBF
WILLSCOT CORPORATION,WSC
WSFS FINANCIAL CORP,WSFS
WILLIAMS SONOMA INC,WSM
WATSCO INC,WSO
WHITESTONE REIT,WSR
WEST PHARMACEUTICAL SVCS,WST
WEST BANCORPORATION INC,WTBA
WINTRUST FINANCIAL CORP,WTFC
W&T OFFSHORE INC,WTI
WHITE MTNS INS GROUP LTD,WTM
AQUA AMERICA INC,WTR
WATFORD HOLDINGS,WTRE
WAITR HOLDINGS INC,WTRH
WATTS WATER TECH INC,WTS
SELECT ENERGY SERVICES,WTTR
WESTERN UNION CO,WU
WAVE LIFE SCIENCES LTD,WVE
WEIGHT WATCHERS INTL INC,WW
WOODWARD INC,WWD
WORLD WRESTLING ENTMNT,WWE
WOLVERINE WORLD WIDE,WWW
WEYERHAEUSER CO,WY
WYNDHAM DESTINATIONS INC,WYND
WYNN RESORTS LTD,WYNN
UNITED STATES STEEL CORP,X
EXANTAS CAPITAL CORP,XAN
XBIOTECH INC,XBIT
CIMAREX ENERGY CO,XEC
XCEL ENERGY INC,XEL
EXELA TECHNOLOGIES,XELA
INTERSECT ENT INC,XENT
XERIS PHARMACEUTICALS,XERS
X4 PHARMACEUTICALS INC,XFOR
XENIA HOTELS & RESORTS,XHR
XILINX INC,XLNX
ACCELERON PHARMA INC,XLRN
XENCOR INC,XNCR
EXTRACTION OIL & GAS INC,XOG
EXXON MOBIL CORP,XOM
INTREXON CORP,XON
XPERI CORPORATION,XPER
XPO LOGISTICS INC,XPO
DENTSPLY SIRONA INC,XRAY
XEROX CORP,XRX
22ND CENTURY GROUP INC,XXII
XYLEM INC,XYL
ALLEGHANY CORP,Y
CBDMD INC,YCBD
YELP INC,YELP
YETI HOLDINGS,YETI
YEXT INC,YEXT
YOUNGEVITY INTERNATIONAL,YGYI
Y-MABS THERAPEUTICS,YMAB
YORK WATER COMPANY,YORW
YRC WORLDWIDE INC,YRCW
YUM! BRANDS INC,YUM
YUM CHINA HOLDINGS INC,YUMC
ZILLOW GROUP INC CLASS C,Z
ZAGG INC,ZAGG
ZAYO GROUP HOLDINGS INC,ZAYO
ZIMMER BIOMET HOLDINGS,ZBH
ZEBRA TECHNOLOGIES CORP,ZBRA
ZENDESK INC,ZEN
OLYMPIC STEEL INC,ZEUS
ZILLOW GROUP INC CLASS A,ZG
ZOGENIX INC,ZGNX
ZION BANCORPORATION NA,ZION
ZIOPHARM ONCOLOGY INC,ZIOP
ZIX CORP,ZIXI
ZYNGA INC,ZNGA
ZSCALER,ZS
ZOETIS INC,ZTS
ZUMIEZ INC,ZUMZ
ZUORA,ZUO
ZYNERBA PHARMACEUTICALS,ZYNE
ZYNEX,ZYXI